event_id,disc_year,t0,tE,u0,fbl,n_obs_used,coverage,t_000,t_001,t_002,t_003,t_004,t_005,t_006,t_007,t_008,t_009,t_010,t_011,t_012,t_013,t_014,t_015,t_016,t_017,t_018,t_019,t_020,t_021,t_022,t_023,t_024,t_025,t_026,t_027,t_028,t_029,t_030,t_031,t_032,t_033,t_034,t_035,t_036,t_037,t_038,t_039,t_040,t_041,t_042,t_043,t_044,t_045,t_046,t_047,t_048,t_049,t_050,t_051,t_052,t_053,t_054,t_055,t_056,t_057,t_058,t_059,t_060,t_061,t_062,t_063,t_064,t_065,t_066,t_067,t_068,t_069,t_070,t_071,t_072,t_073,t_074,t_075,t_076,t_077,t_078,t_079,t_080,t_081,t_082,t_083,t_084,t_085,t_086,t_087,t_088,t_089,t_090,t_091,t_092,t_093,t_094,t_095,t_096,t_097,t_098,t_099,t_100,t_101,t_102,t_103,t_104,t_105,t_106,t_107,t_108,t_109,t_110,t_111,t_112,t_113,t_114,t_115,t_116,t_117,t_118,t_119,t_120,t_121,t_122,t_123,t_124,t_125,t_126,t_127,t_128,t_129,t_130,t_131,t_132,t_133,t_134,t_135,t_136,t_137,t_138,t_139,t_140,t_141,t_142,t_143,t_144,t_145,t_146,t_147,t_148,t_149,t_150,t_151,t_152,t_153,t_154,t_155,t_156,t_157,t_158,t_159,t_160,t_161,t_162,t_163,t_164,t_165,t_166,t_167,t_168,t_169,t_170,t_171,t_172,t_173,t_174,t_175,t_176,t_177,t_178,t_179,t_180,t_181,t_182,t_183,t_184,t_185,t_186,t_187,t_188,t_189,t_190,t_191,t_192,t_193,t_194,t_195,t_196,t_197,t_198,t_199,t_200,t_201,t_202,t_203,t_204,t_205,t_206,t_207,t_208,t_209,t_210,t_211,t_212,t_213,t_214,t_215,t_216,t_217,t_218,t_219,t_220,t_221,t_222,t_223,t_224,t_225,t_226,t_227,t_228,t_229,t_230,t_231,t_232,t_233,t_234,t_235,t_236,t_237,t_238,t_239,t_240,t_241,t_242,t_243,t_244,t_245,t_246,t_247,t_248,t_249,t_250,t_251,t_252,t_253,t_254,t_255,t_256,t_257,t_258,t_259,t_260,t_261,t_262,t_263,t_264,t_265,t_266,t_267,t_268,t_269,t_270,t_271,t_272,t_273,t_274,t_275,t_276,t_277,t_278,t_279,t_280,t_281,t_282,t_283,t_284,t_285,t_286,t_287,t_288,t_289,t_290,t_291,t_292,t_293,t_294,t_295,t_296,t_297,t_298,t_299,t_300,t_301,t_302,t_303,t_304,t_305,t_306,t_307,t_308,t_309,t_310,t_311,t_312,t_313,t_314,t_315,t_316,t_317,t_318,t_319,t_320,t_321,t_322,t_323,t_324,t_325,t_326,t_327,t_328,t_329,t_330,t_331,t_332,t_333,t_334,t_335,t_336,t_337,t_338,t_339,t_340,t_341,t_342,t_343,t_344,t_345,t_346,t_347,t_348,t_349,t_350,t_351,t_352,t_353,t_354,t_355,t_356,t_357,t_358,t_359,t_360,t_361,t_362,t_363,t_364,t_365,t_366,t_367,t_368,t_369,t_370,t_371,t_372,t_373,t_374,t_375,t_376,t_377,t_378,t_379,t_380,t_381,t_382,t_383,t_384,t_385,t_386,t_387,t_388,t_389,t_390,t_391,t_392,t_393,t_394,t_395,t_396,t_397,t_398,t_399
OGLE-2013-BLG-0341,2013,2456406.584,34.45,0.0,0.748,187,0.4675,,,,,,,,,,,,,,,,,,,,,,,,,,,,,,,,,,,,,,,,,,,,,,,18.317,,,,,18.323,,18.358,,,,,,,,18.459,,18.379,,,,18.352,,18.382,,18.319499999999998,,18.347,,18.35,18.445,,18.391,,,,18.3285,,,,18.3765,,18.28,,18.2775,,18.2815,,18.228,,18.2895,,18.299666666666667,,18.295499999999997,,18.273,,,,,18.304000000000002,,,,18.244999999999997,,18.2735,,18.2875,,18.261,,,,,,,,18.25,,18.229,18.259,18.223,18.246499999999997,,18.1685,18.224,18.189,,18.186999999999998,,18.058,,18.139,,18.089,,18.194,,18.075,,18.011666666666667,,18.1175,,17.98,,17.953999999999997,,,,,,,17.838333333333335,,17.832333333333334,,17.781333333333333,,17.695,,17.671000000000003,,17.655900000000003,,,,17.707,,17.4115,17.313,17.308,17.20575,17.203999999999997,17.09,,16.962600000000002,,16.82133333333333,,16.66225,16.584,16.441166666666664,,16.1806,,15.833400000000001,,15.289250000000001,,14.362,,13.259583333333337,,15.130277777777776,,15.7399,,16.133222222222223,,,,,,,,,,,17.147875,,17.235333333333333,,17.309555555555555,,17.389083333333335,,17.450400000000002,,17.51357142857143,,17.579142857142855,,17.608125,17.661666666666665,17.676,17.71142857142857,17.706642857142857,,,17.767,17.7755,17.885,17.804000000000002,17.87008333333333,17.81833333333333,17.859,18.086,,,17.93435294117647,,17.943695652173915,,18.007823529411763,,17.988869565217392,18.021,18.000285714285713,17.99975,18.03233333333333,,18.02486666666667,,,,,,,18.129571428571428,18.139899999999997,18.116052631578945,18.118571428571432,18.165444444444447,,18.16242857142857,18.165,18.181176470588234,,18.178541666666664,,18.1809,,18.17640740740741,18.226333333333333,18.207454545454546,18.195,18.19836842105263,18.181874999999998,18.23316666666667,18.214636363636362,18.198923076923073,,,18.248666666666665,18.228000000000005,18.224181818181815,18.187,18.22457142857143,18.2,18.248692307692306,18.233333333333334,18.24811538461539,,18.234333333333332,,18.249,,18.247521739130438,,18.256,18.293499999999998,18.251681818181822,18.3575,18.277684210526317,,,,,,,18.311812500000002,18.360500000000002,18.305823529411764,18.284399999999998,,,18.30318181818182,,18.326923076923077,,18.323705882352947,,18.31673913043478,18.264,18.298157894736836,18.25733333333333,18.302722222222226,18.3174,18.323928571428574,18.283142857142856,18.366400000000002,18.35033333333333,18.330499999999997,18.339624999999998,18.314714285714285,18.328166666666668,18.3395,18.286,,18.2955,,18.313444444444446,,18.361045454545458,,18.31530434782609,,18.34333333333333,,,,,18.334000000000003,18.34333333333333,18.371333333333336,18.335625,18.35425,18.413,,,,,,,18.33381818181818,,18.32106666666667,18.284666666666666,18.3344347826087,,18.356444444444445,,18.319799999999997,,18.37107142857143,,18.513,,,,18.371250000000003,18.41525,18.343823529411765,18.36075,18.35827272727273,,18.341,18.3428,18.361666666666665,18.341199999999997,
OGLE-2012-BLG-0358,2012,2456037.456,10.515,0.175,1.0,45,0.1125,,,,,,,16.257,,,,,,,,,,,,16.25,,,,,,,,,,,,,16.218,,,,,,,16.247,,,,,,,,,,,,16.232,,,,,,,16.236,,,,,,,,,,,,16.224,,,,,,,16.22,,,,,,,,,,,,16.199,,,,,,,16.186,,,,,,,,,,,16.161,,,,,,,16.156,,,,,,16.127,,,,,,,16.11,,,,,,,,,,,,,,,,,,,,,,,,,,,,,,,,,,,,,,,,,,,,15.835,,,,,,,,,,,,,15.591,,,,,,,,,,,,14.463,14.392166666666666,,,,,14.073333333333332,14.1385,,,,,15.062,15.1145,15.219,,,,,15.4775,15.487,,,,,,15.156,,,,,14.661,14.6135,14.572,,,,,,,,,,,,,,,,,,,,,,,,,15.922,,,,,,15.975,,,,,16.002,15.999,,,,,,16.009,,,,,,,,,,,,16.023,,,,,,,,,,,,,16.01,,,,,,,,16.025,,,,,,,,,,,,,,,,,,,,,,,,15.994,,,,,,,15.994,,,,,,,16.004,,,,,,,,,,,,,,,,,,15.988,,,,,,,,,,,,16.007,,,,,,,,,,,,16.002,,,,,,,16.017,,,,,,,16.035,
OGLE-2012-BLG-0406,2012,2456141.413,64.649,0.525,1.0,220,0.55,,,,,,,,,,,,,,,,16.335,,,,,,,,16.326,,16.33,16.322,,,,16.326,16.3155,16.326500000000003,16.311500000000002,16.336,,16.313666666666666,16.32,16.3205,16.333,16.310000000000002,16.3185,16.320999999999998,16.32,16.31833333333333,16.320333333333334,16.325,16.3245,16.311333333333334,16.31233333333333,16.31225,16.309,16.308749999999996,16.30666666666667,16.308333333333334,,,16.325,16.301,16.31375,16.30675,16.30725,16.31175,16.30425,16.2958,16.30025,16.301,16.296999999999997,16.29475,16.296999999999997,16.2942,16.292250000000003,16.2924,16.2795,16.29225,16.282400000000003,16.2842,16.2875,16.2936,16.2824,16.27275,16.288,16.286,,,16.2595,,16.264200000000002,16.264833333333332,16.2596,16.25675,16.258000000000003,16.2498,16.250749999999996,16.245,16.246,16.246000000000002,16.242200000000004,,,,16.24,16.2335,16.2286,16.23,16.219833333333337,16.211833333333335,16.200000000000003,16.216714285714286,16.19966666666667,16.203000000000003,,,16.196,16.1915,16.1815,16.1864,16.187,16.179,16.172833333333333,16.163400000000003,16.157,16.165333333333333,16.157249999999998,16.151111111111113,16.150111111111112,16.140857142857143,16.139888888888887,16.130125,,,,16.109,16.096333333333334,16.1084,16.091,16.084555555555553,16.07466666666667,16.06311111111111,16.067428571428568,,,16.039142857142856,16.031666666666666,16.028,16.018,16.0032,16.003,,15.98925,15.979333333333331,15.975285714285715,15.95875,15.949666666666667,15.9402,15.943571428571428,15.933999999999997,15.923750000000002,15.915500000000002,15.906285714285714,15.904199999999998,15.889499999999998,15.8766,15.869,15.839500000000001,,15.786666666666665,15.739714285714287,,,,15.534299999999998,15.769625,15.804375,15.8085,15.77988888888889,15.737599999999997,15.676111111111108,15.62275,15.626888888888889,15.653749999999999,15.660666666666666,15.665999999999999,15.653999999999998,15.6568,15.6356,15.619799999999998,15.614,15.615,15.6036,15.6005,15.594000000000001,15.583333333333334,15.582999999999998,15.570500000000001,15.57,,,,15.536857142857142,15.541375,15.558666666666667,15.559,,15.569,,15.562999999999999,15.5615,15.569999999999999,15.57675,15.582333333333333,15.5826,15.589,15.602799999999998,,,15.627,15.643166666666666,15.65575,15.664000000000001,15.678833333333332,,,15.716999999999999,15.726,15.739333333333335,15.747666666666666,15.743666666666664,15.75975,15.764333333333333,15.784,15.793000000000001,15.801333333333332,,15.827,15.8322,,,,15.873399999999998,15.870000000000001,15.903749999999999,15.905000000000001,15.917333333333332,15.927666666666667,15.944,15.953666666666665,,,,15.993,15.988000000000001,,,,16.025,16.034499999999998,16.038666666666668,16.057,16.056,16.067,16.086,16.088,16.075000000000003,16.09075,16.098666666666666,16.102,,,,16.121,16.115666666666666,16.124666666666666,16.131666666666664,16.142000000000003,16.137666666666664,,16.143500000000003,16.168,16.150000000000002,16.183999999999997,,16.18,,16.166,,,16.213,,,,,16.206,16.196,16.205,16.232,,,,16.214,16.255,,,,,,,,,,,,,,,,,,,,,,,,,,,,,,,,,,,,,,,,,,,,,,,,,,,,,,,,,,,,,,,,,,,,,,,,,,,,,,,,,,,,,,,,,,,,,,,,,,,
OGLE-2012-BLG-0563,2012,2456068.999,42.736,0.003,0.482,173,0.4325,,,,,,,,,,,,,,,,,,,,,,,,,,,,,,,,,,,,,,,,,,,,,,,,,,,18.66,,,,,,,,,18.924,,18.739,18.97,,,18.679,,18.857,,19.026,18.609,,18.595,18.659,,18.641,18.971,,18.68,18.881,,18.992,,18.55,18.616,,,18.546,,18.631,18.649,,,,,,,,18.679,,18.555999999999997,18.7,,18.6175,18.6095,,18.568,18.802,18.488,18.603,18.668,18.577,18.5715,,18.46,18.65,,18.694,18.6245,,18.483999999999998,18.33,18.361,18.463500000000003,18.648,18.375500000000002,18.444666666666667,,18.45,18.476,,18.4725,18.4265,,,,,,,,,,18.443,18.319,,18.3795,18.53,,,18.489,,18.311,18.124,18.458,18.377,,18.357,18.211,,,,,,,,18.24,18.204,,18.1375,,18.203,18.115000000000002,,,17.9715,,17.985,,17.967,,,,,,17.682,17.575,,,17.37,,17.288,17.131,,16.816499999999998,16.594,,16.2195,15.732,15.6,13.8296,14.791,15.064333333333332,15.921,16.043,16.4096,,,,,,17.259,17.365000000000002,17.406,17.532333333333334,,17.595,17.6525,,17.728,17.773000000000003,17.751,17.875,,,,18.043,18.0315,18.0855,,18.127,18.014,,18.082,,,,18.169,18.202,18.128999999999998,,18.2105,,,18.1705,18.344,,18.3155,18.472,,18.323500000000003,18.288,18.439,18.392,18.439,,18.411,18.524,18.459,,,,18.461,,18.47,,,,,,18.467,18.51,18.44,18.735,18.377,18.526,18.46,,18.503,18.5175,,18.496499999999997,18.367,18.548,,,18.5215,18.4625,,18.613,18.508499999999998,,18.522,18.332,,,,18.419,18.456,,18.621,18.594,,18.624,18.5945,,18.548,,,,,,18.593,18.567,18.644,18.747,,,,,,,,18.648,18.507,,18.701,18.674,,18.6735,,18.616,,,18.514,,,,,,18.6635,18.738,,18.608,19.131,18.803,,,,18.585,,,,,,,18.725,18.618,,,18.637,,18.634,,,,18.608,,,,,,18.769,,18.389,,18.647,18.527,,,18.718,,18.529,,,,,,,,18.546,18.667,,,,,,18.746499999999997,,18.819000000000003,
OGLE-2011-BLG-0265,2011,2455758.923,58.304,0.127,1.0,236,0.59,,,,,,,,,,,,,,,17.278,17.257,17.223,17.281,17.284,17.245,,,17.236,,17.253,17.289,17.272,17.289,17.267,,,17.26,,17.229,,17.247,17.223,17.283,,17.263,,,17.307,17.247,17.255,,,17.279,17.26,17.274,17.234,17.258,17.262,17.239,,17.236,17.242,17.284,17.267,17.214,,17.279,17.266,,17.259,17.233249999999998,17.24266666666667,17.218666666666667,17.23175,17.25275,,,,17.2255,17.22375,17.223333333333333,17.2305,17.230000000000004,17.2335,,17.234333333333336,17.22475,17.231749999999998,17.229333333333333,17.216500000000003,17.22175,17.217,17.2025,17.209,,17.20875,17.209,17.20625,17.1972,,17.189500000000002,17.193166666666666,17.1995,17.19,17.19214285714286,17.17975,,,,,17.168062499999998,17.16964705882353,17.173799999999996,,17.153055555555554,17.160000000000004,17.141083333333334,17.1476,17.135315789473687,17.1435,17.141058823529413,17.12071428571429,17.12642105263158,17.112923076923078,,17.114714285714285,17.110599999999998,17.108777777777775,17.097625,17.086,17.079545454545457,17.076499999999996,17.06566666666667,17.073875,17.065111111111108,17.055,17.0408,,,,17.044,17.02,17.006999999999998,,16.999066666666668,16.970000000000002,16.963703703703704,16.96595238095238,16.941555555555556,16.97,16.994,16.93,16.9014347826087,16.8986,16.889100000000003,16.86082608695652,16.850210526315788,16.843,,,,,16.776480000000003,16.76342105263158,16.73869565217391,16.734533333333335,16.702333333333335,16.691499999999998,16.676571428571428,,,,,,,,,16.449777777777783,16.416588235294117,16.37538461538461,16.343807692307692,16.30935714285714,16.27481818181818,16.255058823529414,16.225791666666666,16.165620689655174,16.0951724137931,16.016238095238094,15.861040000000003,15.52604761904762,15.28307142857143,15.204923076923079,15.771409090909094,15.874333333333333,15.846280000000002,,,15.601937499999998,15.5251,15.511333333333333,,,15.234,15.1755,,,15.121833333333333,15.1170625,15.127500000000001,15.189095238095241,15.219625000000002,15.28421052631579,15.353549999999998,15.426149999999998,15.502461538461537,15.534533333333332,15.5776875,15.65015,15.731833333333334,,,,,16.037,16.043333333333333,16.095142857142854,16.1199375,16.1847,16.2185,,,,,,16.43466666666667,16.469624999999997,16.4990625,16.516411764705886,16.552999999999997,16.553,16.614,16.607882352941175,16.642333333333337,,16.67526315789474,16.705000000000002,16.751818181818184,16.74577777777778,16.73857142857143,,16.810000000000002,16.821,,16.843062500000002,16.865428571428573,16.882833333333334,16.884999999999998,16.8835,16.89846153846154,16.92833333333333,16.956555555555553,,,,,,17.004461538461538,16.987714285714286,,17.010571428571428,17.01066666666667,17.039923076923078,17.0748,17.06457142857143,17.04784615384615,17.072714285714284,,17.095333333333333,17.124,17.088,17.132,17.105,17.113,17.112,17.13375,17.109750000000002,17.121666666666666,17.122333333333334,17.1385,16.993,17.122666666666664,17.154333333333334,17.1545,17.151666666666667,,,17.1725,17.187,17.17533333333333,17.175,17.228,17.197333333333333,17.218999999999998,17.21066666666667,17.1995,,17.224,,,17.208,17.207333333333334,17.194,,,17.215,17.1995,17.221,17.243,17.196,17.198,17.256,,17.228,17.224,,,,17.2205,17.24,17.212,,17.235,17.216,,17.2545,17.167,,,,,,,,,,,,,,,,,,,,,,,,,,,,,,,,,,,,,,,,,,,,,,,,,,,,,,,,,,,,,,,,,,,,,
OGLE-2013-BLG-0102,2013,2456374.834,2.121,0.389,1.0,44,0.11,,,,,,,,,,,16.751,,16.743,16.778,,,,,,,,,,,,,,,,,,,,,,,,,,,,,16.734,,16.739,16.741,,,,,,,,,,,,,,,,,,,,,,,,,,,,,16.717,,16.722,,,,,,,,,,,,,,,,,,,,,,,,,,,,,16.705,16.701,16.704,,,,,,,,,,,,,,,,,,,,,,,,,,,,,16.69,16.664,16.662,,,,,,,,,,,,,,,,,,,,,,,,,,,,,,,16.488,16.383,,,,,,,,,,,,,,,,,,,,,,,,,,,,,15.685,15.77,15.836,,,,,,,,,,,,,,,,,,,,,,,,,,,,,16.413,16.44,16.445,16.437,,,,,,,,,,,,,,,,,,,,,,,,,,,16.495,,16.548,16.521,,16.528,,,,,,,,,,,,,,,,,,,,,,,,,,,16.539,,16.583,16.578,,,,,,,,,,,,,,,,,,,,,,,,,,,16.574,16.588,,16.578,16.57,16.598,,,,,,,,,,,,,,,,,,,,,,,,,,,16.587,,16.607,16.615,16.6,,,,,,,,,,,,,,,,,,,,,,,,,,,16.595,16.601,16.597,16.613,,16.622,,,,,,,,,
OGLE-2012-BLG-0724,2012,2456071.062,13.341,0.004,0.131,146,0.365,,,,,19.843076923076925,,,,19.757799999999996,19.82838461538461,,,,19.743499999999997,19.731545454545458,,,,19.80125,19.761999999999997,,,,,19.691999999999997,,,,19.747999999999998,19.760499999999997,,,,19.709,19.8249,,,,19.8828,19.87633333333333,,,,19.95775,19.822363636363637,,,,19.828,19.82809090909091,,,,19.878999999999998,19.7712,,,,,,,,,,,,,,,,,,,,19.925250000000002,,,,,19.763833333333334,,,,19.777666666666665,19.792444444444445,,,,19.767142857142858,19.842090909090913,,,,19.77057142857143,19.848454545454544,,,,19.883333333333333,,,,,19.7468,,,,,19.819272727272725,19.792800000000003,,,,19.809666666666665,19.8135,,,,,19.606166666666667,,,,,20.226,,,,,,,,,19.648,19.7714,,,,19.781727272727274,19.753888888888888,,,,19.75927272727273,19.720666666666663,,,,19.708333333333332,,,,,19.772363636363636,19.720000000000002,,,,19.64361538461538,19.741374999999998,,,,19.781166666666667,19.698285714285714,,,,19.647,19.61114285714286,,,19.579,19.593846153846155,19.585,,,19.494,19.56953846153846,19.490428571428573,,,19.451600000000003,19.41857142857143,19.420714285714286,,,19.289666666666665,19.241545454545456,19.17716666666667,,,19.027666666666665,18.905153846153848,18.829857142857144,,,18.049333333333333,17.719999999999995,17.133714285714284,,,18.3174,18.479785714285715,18.629499999999997,,,18.976,,,,,,,,,,,,,,,19.54642857142857,19.611153846153847,19.522,,,19.6245,19.621384615384613,19.6524,,,,19.661636363636365,19.761599999999998,,,19.678875,19.692846153846155,19.673000000000002,,,19.663500000000006,19.752692307692307,19.691499999999998,,,19.7875,19.745384615384612,19.7255,,,19.741333333333333,19.759400000000003,19.6815,,,19.5345,19.560333333333336,,,,,,,,,,,,,,19.75,19.725357142857145,19.685333333333332,,,19.775181818181817,19.826214285714286,19.428,,,19.812,19.92566666666666,,,,19.813636363636363,,,,,19.895999999999997,19.808,19.576,,,,,,,,,,,,,19.944000000000003,19.911,,,,19.842769230769232,19.899900000000002,,,,19.814583333333328,19.827916666666667,,,,,,,,,19.813333333333336,19.841307692307687,,,,19.8705,19.817153846153847,,,19.696,19.831307692307693,19.773833333333332,,,,19.9218,19.702,,,19.820666666666668,19.810769230769232,20.0094,,,19.89425,19.73692857142857,19.865125000000003,,,,19.816833333333335,19.849600000000002,,,19.960166666666662,19.808142857142858,20.060200000000002,,,19.854285714285712,19.821692307692306,19.783777777777782,,,19.8545,19.82225,19.702,,,20.153,19.81625,,,,,,,,,19.715,19.885384615384616,19.775428571428574,,,,19.73588888888889,19.893333333333334,,,,,,
OGLE-2011-BLG-0251,2011,2455781.406,63.017,0.057,0.718,215,0.5375,,,,,15.617,15.615,,15.618,15.61,15.615,15.618,15.618,,15.608,15.608,15.61,15.617,15.613,,,15.601,,15.597,,15.604,15.601,15.608,,,,15.611,15.613,15.604,,15.604,15.608,,15.605,,15.606,15.605,15.598,15.598,15.598,,15.598,15.587,,15.6,15.595,15.5965,15.59625,15.596000000000002,15.594999999999999,15.59025,15.584333333333333,,,15.583,15.585666666666667,15.58375,15.5845,15.5845,15.579666666666668,15.582666666666666,15.5765,15.58925,15.5825,15.586666666666666,15.58025,15.58075,15.576166666666666,15.572000000000001,,15.575,15.571,15.567499999999999,15.57325,15.571,,15.56425,15.569749999999999,15.56725,15.5538,15.55,,,,15.5488,15.5475,15.542599999999998,,15.545,15.542333333333332,15.535833333333334,15.537200000000002,15.531999999999998,15.531200000000002,15.5315,15.52675,15.526833333333334,15.52125,15.518,15.51925,15.515600000000001,15.509833333333335,15.5125,15.509285714285715,15.50975,15.501624999999999,15.497375,15.488625000000003,15.4825,,,,15.4738,15.472,15.473666666666668,,15.4546,15.443499999999998,15.446750000000002,15.440375,15.436,,15.426,15.420833333333334,15.420333333333332,15.412666666666667,15.399111111111113,15.386499999999998,,,,,15.368333333333334,15.354999999999999,15.356833333333332,15.348142857142856,15.341,15.334000000000001,15.319333333333333,,,,,,,,15.221499999999999,15.2028,15.19877777777778,15.1855,15.175166666666664,15.156500000000001,15.151571428571428,15.141374999999998,15.123888888888887,15.106714285714286,15.090285714285715,15.070374999999999,15.046444444444445,15.025500000000001,15.012199999999998,14.9825,14.961000000000002,,,14.889833333333334,14.8706,,,,,,,14.6305,14.620142857142858,14.585,14.547666666666666,14.480625,14.436428571428573,14.380285714285714,14.325166666666668,14.263375,14.189285714285713,14.123166666666668,14.0375,,,,,13.553,13.423,13.334,13.210249999999998,13.1405,12.914666666666667,,,,,13.16125,13.303166666666668,13.4482,13.563400000000001,13.6936,,13.887833333333335,13.993500000000001,,14.143833333333333,14.219999999999999,14.279666666666666,14.326999999999998,14.349666666666666,,14.462,,,14.5996,14.648499999999999,14.6845,14.722999999999999,14.76,14.8035,14.845666666666666,,,,,14.978,14.996666666666664,14.992,15.032,15.045666666666667,15.0625,15.08575,15.1045,15.124500000000001,15.14225,,15.177000000000001,15.196333333333333,15.204666666666668,15.228333333333333,15.245666666666667,15.2505,15.260333333333334,15.272,15.285749999999998,15.2935,15.302,15.312999999999999,15.319500000000001,15.326333333333332,15.351,15.353,,,15.374666666666668,15.388,15.391,15.414,15.408999999999999,15.411,15.417666666666667,15.420333333333334,,,,15.4475,15.456,15.462,15.469000000000001,,15.474499999999999,15.482,15.485,15.477,15.483,15.492,15.503,15.514,15.523,,,,15.529,15.533,15.452,,,,,,,,,,,,,,,,,,,,,,,,,,,,,,,,,,,,,,,,,,,,,,,,,,,,,,,,,,,,,,,,,,,,,,,,,,,,,,,,,,,,,,,,,,,,,,,,,,,,,,,,,,,,
OGLE-2012-BLG-0026,2012,2455991.476,105.647,0.008,0.33,236,0.59,,18.276818181818182,18.292,18.27733333333333,18.290714285714284,18.273999999999997,18.278555555555556,18.271857142857144,18.268700000000003,18.249000000000002,18.272000000000002,18.286300000000004,18.263454545454543,18.2779375,18.262375000000002,18.269875,,,18.29381818181818,,18.267777777777777,18.258363636363637,18.308750000000003,18.213,18.269166666666667,18.2835,18.263222222222222,18.246999999999996,,,18.2696875,18.27388888888889,18.2878,18.296000000000003,,,,,18.271250000000002,18.275307692307692,18.266846153846153,18.26675,18.27677777777778,18.27190909090909,18.26838461538462,18.27585714285714,18.2948,18.271900000000002,,18.270833333333332,18.246,,,,18.2827,18.26342857142857,18.27866666666667,18.27228571428572,18.263428571428573,18.274357142857138,18.2985,18.197000000000003,,,18.27625,18.2725,18.27475,,,18.317,18.276571428571426,18.259333333333334,18.302600000000005,18.26466666666667,18.264499999999998,18.294285714285714,18.261571428571433,18.2562,18.424,,18.300400000000003,18.233999999999998,18.263374999999996,18.266333333333332,18.294,,,18.259800000000002,18.296333333333333,18.2515,18.2745,18.259625,18.24875,18.229,18.221,18.273666666666667,18.264714285714284,18.223666666666666,18.243,18.224399999999996,18.255666666666666,18.2475,18.207,,18.2508,18.250666666666664,18.25725,18.224,18.260833333333334,,,18.217,18.3075,18.2335,18.123,18.252,,18.253,18.1875,,,18.193,,,,,,,,,,,,,,,,,,,,,,,,,,,,,,,,,,,,,,,,,,,,,,,,,,,,,,,,,,,17.666,17.622500000000002,17.618,17.572499999999998,,17.4775,17.432,17.372,17.342,,17.138,17.055999999999997,16.959,16.833,16.652,16.4745,16.260666666666665,15.9786,15.216400000000002,14.501000000000001,14.686750000000002,15.377857142857144,15.789545454545454,16.178000000000004,16.395,16.58875,,16.8835,16.99075,17.08457142857143,17.187888888888892,17.2495,17.289499999999997,17.3538,17.40925,17.471125,17.494,17.552222222222223,17.581666666666667,17.6115,17.650000000000002,17.703857142857142,,,17.714,17.78385714285714,17.803375,17.814333333333334,17.845666666666666,17.855555555555558,17.88425,17.8814,,,17.913,17.956666666666667,17.945999999999998,17.958555555555552,17.973714285714287,17.983,,17.990636363636362,18.0029,18.0125,18.022357142857143,18.06275,18.04281818181818,18.054333333333336,18.04281818181818,18.054333333333336,18.0692,,18.1055,18.09123076923077,18.100916666666667,18.084799999999998,18.099166666666665,,,18.119785714285715,18.122625,18.125666666666664,,18.102833333333333,18.13181818181818,18.1515,18.148,18.155625,18.150545454545455,18.166,18.161384615384613,18.149687500000002,18.216,18.217125000000003,,,18.183142857142858,18.163777777777778,18.171333333333333,18.1801,18.177799999999998,18.198230769230765,18.186,18.169066666666666,18.197857142857142,18.20388888888889,18.2164,18.177,18.2161,18.2252,18.208,18.247500000000002,,18.2195,18.223714285714287,18.209,,,18.2103,18.207500000000003,18.25,18.2102,18.210500000000003,,18.162,18.20411111111111,18.281,18.221,18.261,,18.231749999999998,18.243666666666666,18.2532,18.208142857142857,18.290999999999997,18.2595,,,18.2618,18.255714285714284,18.25857142857143,18.239,18.246166666666667,18.283,,18.247666666666667,,,18.273666666666667,18.255833333333335,18.246,18.375,18.241,18.224999999999998,18.255999999999997,,,18.332,18.26033333333333,18.2725,18.271,18.274,18.2685,,18.174,,18.091,18.203,,,,,18.158,,,,,,,,,,,,,,,,,,,,,,,,,,,,,,,,,,,,,,,,,,,,,,,
OGLE-2014-BLG-0124,2014,2456836.371,109.832,0.241,0.491,188,0.47,17.34525,17.36295652173913,17.361,17.371,17.354,17.361444444444444,17.363363636363633,17.361285714285717,17.366533333333333,,17.37029411764706,17.368833333333335,17.3648,17.3455,17.34927272727273,17.365666666666666,17.36155,17.36446666666667,17.37955555555556,17.365333333333336,17.371846153846153,17.3598,17.343636363636364,17.356999999999996,17.366,17.35925,,17.373666666666665,17.35725,17.37175,17.37233333333333,17.355399999999996,17.37225,17.35666666666667,17.363,17.352999999999998,17.3625,17.377,17.368,17.3752,17.355600000000003,,,17.3452,17.3565,17.322999999999997,17.3515,17.297,17.34633333333333,,,17.334,17.374000000000002,,17.356,,,,,,,,,,,,,,,,,,,,,,,,,,,,,,,,,,,,,,,,,,,,,,,,,,,,,,,,,17.317,17.324,17.319000000000003,17.316666666666666,17.325,17.2795,17.2935,17.241,17.248,17.280666666666665,,17.277333333333335,17.253333333333334,17.261499999999998,,17.252,17.253799999999995,17.245333333333335,17.221666666666668,17.229400000000002,17.21475,17.227333333333334,17.233800000000002,17.211166666666667,17.186999999999998,17.205,17.198999999999998,17.168000000000003,17.187,17.16975,,,17.1635,17.14675,17.16042857142857,17.1485,17.129888888888885,17.12657894736842,17.111333333333334,17.0985,17.096600000000002,17.0944,17.075083333333332,17.071580645161287,17.062400000000004,17.053800000000003,17.041000000000004,,17.021000000000004,17.0135,16.9904375,16.986655172413794,16.968903225806454,16.955923076923074,,,,16.895444444444443,16.890428571428572,16.87538461538462,16.850347826086953,16.838968750000006,16.82148648648648,,16.77711111111111,16.770714285714288,16.760529411764704,,16.73,16.68180434782609,16.66834782608696,16.645120000000002,16.617217391304347,16.599814814814817,16.582047619047618,16.550864864864867,16.527192307692307,16.5090243902439,16.48443333333333,16.497500000000002,,16.429967741935485,16.41684375,16.399000000000004,16.384102564102566,16.36806451612903,16.356302325581396,16.34518421052631,16.334828571428567,16.285259999999997,16.26183783783784,16.609411764705882,16.652217391304347,16.266181818181817,16.264261904761902,16.38305555555556,16.417181818181817,16.447454545454544,16.462738095238098,16.4925,16.515,16.541139534883726,16.56055,16.5854375,16.62,16.62135,16.650760000000005,16.677133333333334,,16.72846153846154,16.7494375,16.76033333333333,16.774124999999998,,,16.834275862068967,16.856238095238098,16.865227272727275,16.884523809523806,16.900952380952383,16.916800000000002,16.932933333333327,16.949066666666667,,16.9735,16.9803,16.9822,17.005000000000003,,,,16.89,17.056375,17.070333333333334,,17.09209090909091,17.103727272727273,17.1035,17.076999999999998,17.12018181818182,17.13025,17.13583333333333,17.154142857142855,17.155615384615388,17.164333333333335,17.1749,17.183333333333334,,,17.194,17.191000000000003,17.256,17.195,17.20266666666667,17.243,,17.23966666666667,,17.239,17.221,17.315,17.2485,,17.23,,,,,,,,,,,,,,,,,,,,,,,,,,,,,,,,,,,,,,,,,,,,,,,,,,,,,,,,,,,,,,,,,,,,,,,,,,,,,,,,,,,,,,,,,,,,,,,,,,,,,,,,,,,,,,,,,,,,,,,,,,,,,
OGLE-2012-BLG-0950,2012,2456151.803,72.327,0.088,0.227,188,0.47,,,,,,,,,,,,,,,,,,,,,,,,,,,,,,,,,17.911,,,17.843,,,,,17.909,17.858,,,17.917,17.876,17.854,17.885,17.876,17.907,17.885,17.852,17.9045,17.904,,17.883,17.863999999999997,17.901,17.927500000000002,17.848,17.9135,,,17.907,17.9035,17.835,17.8645,17.909,17.893,17.8675,17.877000000000002,17.8315,17.845,17.875999999999998,17.85066666666667,17.8475,17.885,17.846,17.866999999999997,17.88233333333333,17.877,17.869333333333334,17.871000000000002,17.921999999999997,17.820500000000003,,,,,17.857,17.832,17.833,17.880000000000003,,17.856,17.874,17.853,17.865,17.8855,,,,,17.81,17.854,17.887,17.895,17.8465,17.849,17.868000000000002,17.85,,,,17.83,17.8725,,17.822499999999998,17.888,17.832,17.8415,17.841,17.8245,17.848,17.8425,17.819499999999998,17.865,,,,17.8305,17.816499999999998,17.803,17.834,17.834,17.816000000000003,17.837000000000003,,,17.764,17.816,17.805500000000002,17.816,,,17.741500000000002,17.833,17.784666666666666,,17.783,17.765,17.769,17.768,17.744333333333334,17.727333333333334,17.735500000000002,17.733666666666664,17.709,17.705,,17.689,17.743666666666666,,,17.644,17.648,17.644,17.6385,17.616,17.62033333333333,17.576,17.583,17.567,,17.549999999999997,17.519000000000002,17.5265,17.436,17.428,,17.416,17.394,17.378,17.336,17.317,17.284999999999997,17.285,,,17.066,17.02,16.951,,,,,16.688,16.6385,16.606,16.599,16.582333333333334,16.627,16.621666666666666,,,16.825499999999998,16.839333333333332,16.972500000000004,17.017,17.07,17.151,17.1842,17.2225,17.26,17.299999999999997,17.326999999999998,17.345333333333333,,17.399,17.412333333333333,17.426,17.484,,,,17.509999999999998,17.544249999999998,17.544333333333334,17.549666666666667,17.589,17.611666666666668,17.605249999999998,,,,17.67,17.651,,,,17.673000000000002,17.703000000000003,17.716,17.667,17.706,17.758,17.733,17.735,17.747500000000002,17.7455,,17.684,17.746,17.7515,17.757,17.736,17.77,17.758,17.762,17.789,17.7945,17.802500000000002,17.819499999999998,,,17.7595,17.755,17.753,17.766,17.838,,,17.847,17.766,17.785,17.868,17.781,,17.763,17.857,17.854,,,,,,,,,,,,,,,,,,,,,,,,,,,,,,,,,,,,,,,,,,,,,,,,,,,,,,,,,,,,,,,,,,,,,,,,,,,,,,,,,,,,,,,,,,,,,,,,,,,,,,,,,,,,,,,,,,,,,,,
OGLE-2016-BLG-1195,2016,2457568.787,10.329,0.047,0.395,69,0.1725,,,,,,,,,,,,,,,,,,,,,,,,,,,,,,,,,,,,,,,,,,,,,,,,,,,,,18.698999999999998,,,,,,18.685000000000002,,,,,18.74,18.758,18.665,,,,,18.701,,,,,,18.683,18.701,18.685,,,,18.742,18.703,18.728,,,,,,,,,,,,,18.611,,,,,,,,,,,18.718,,,,,,18.604,18.592,18.6485,,,,,,,,,,,,18.565,18.615000000000002,,,,,,,,,,,,,,,,,,,,,,,,18.442,18.504,18.464,,,,,18.399,,,,,,,,,,,,,,,,,,,,,,,,,17.754,17.772,17.6515,,,,,17.2315,17.133,,,,,16.462,16.343,16.339,,,,,17.037,17.163,,,,,,17.667666666666666,17.718,,,,,,,,,,,,,,,,,18.263,18.246,,,,,,,,,,,,18.395666666666667,18.43575,18.4525,,,,18.529,18.482666666666667,18.570333333333334,,,,,18.6815,,,,,,,,,,,,,18.621000000000002,18.576999999999998,,,,,,,,,,,,,18.649,,,,,,18.6575,,,,,,,18.683500000000002,,,,,18.7,18.610249999999997,18.72,,,,,,,,,,,,,,,,,,,,,,,,,,,,,,18.847666666666665,18.75725,18.634999999999998,,,,18.738,18.722250000000003,18.734499999999997,,,,,18.772,,,,,,,,,,,,18.616,18.752666666666666,18.717750000000002,18.732,,,,,,,,,,,18.852,,,,,,18.721,18.756,,,,,,,,,,,,,,,,,,18.839,18.756333333333334,18.686
OGLE-2016-BLG-0263,2016,2457470.412,18.62,0.475,0.652,48,0.12,,,,,,,,,,,,,,,,,,,,,,,,,,,,,,,,,,,,,,,,,,,,,,,,,,,,,,,,,,,,,,,,,,,,,,,,,,,,,16.896,,,,16.879,,,,,,,16.889,,,16.862,,,,16.85,,,,,,,16.858,,,,,,,,,,,16.833,,,16.83,,,,16.795,,,16.793,,,,16.812,,,,,,,16.758,,,,16.744,,,,,,,16.702,,,,16.68,,,16.674,,,,16.629,,,16.594,,,,,,,16.533,,,,16.515,,,16.457,,,,16.438,,,,,,,16.363,,,,16.333,,,16.31,,,,,,,,,,,16.29,,,16.277,,,,16.303,,,,,,,16.364,,,,16.4,,,16.421,,,,,,,,,,,,,,,,,,,,,,,,,,,,,16.651,,,,,,,16.734,,,,16.741,,,,,,,,,,,,,,16.807,,,16.809,,,,16.814,,,16.832,,,,16.853,,,,,,,,16.856,,,16.868,,,,16.903,,,16.882,,,,,,,,,,,,,,,,,,,,,,,,,16.903,,,,16.908,,,,,,,,,,16.915,,,,16.937,,,,,,,,,,,,,,,,,,,,,,,,,,,,,,,,,,,,16.893,,,,,,,,,,,,
OGLE-2015-BLG-0954,2015,2457165.225,6.02,0.306,1.0,135,0.3375,,,,,,18.1985,18.208285714285715,18.23185714285714,18.203285714285716,,,,,,,,,18.243,18.192,18.178,18.297,,,,,,,,,,,,,,,,,,,,18.246499999999997,18.207,,,,,,,,,18.149,18.10875,18.15133333333333,,,,,,,,,,18.1302,18.1205,18.119,,,,,,,18.148,18.14057142857143,18.11066666666667,18.129833333333334,18.1555,,,,,,,,18.1312,18.1126,18.08516666666667,18.091,,,,,,,18.091,18.0765,18.059333333333335,18.0788,18.060666666666666,,,,,,,18.025,18.043499999999998,18.033749999999998,18.03,,,,,,,,18.027,18.00883333333333,17.982333333333333,17.9885,17.986250000000002,,,,,,,,17.9835,17.956799999999998,17.9298,17.9645,,,,,,,17.906,17.903333333333332,17.878999999999998,17.889833333333335,17.88375,,,,,,,,17.863666666666667,17.8296,17.822666666666667,17.8395,,,,,,,,17.799799999999998,17.7638,17.746666666666666,17.7385,,,,,,,17.701,17.7015,17.655499999999996,17.667857142857144,17.6275,,,,,,,,17.594833333333337,17.577000000000005,17.554833333333335,17.5584,,,,,,,,17.097,16.815000000000005,16.890249999999998,16.87366666666667,,,,,,,,17.429,,17.54,,,,,,,,,17.548,17.52825,17.539333333333335,17.528285714285712,,,,,,,,,,,,,,,,,,,,17.763,17.741,,,,,,,,,17.8165,17.8296,17.817999999999998,17.826666666666668,17.762,,,,,,,17.8656,17.885166666666667,17.9022,17.8874,,,,,,,,,,,18.007,17.932,,,,,,,18.007799999999996,18.009666666666664,17.993399999999998,17.990333333333336,18.045,,,,,,,18.061,18.0172,18.0456,18.036333333333335,18.046,,,,,,,18.108,18.054666666666666,18.067833333333333,18.026,18.03,,,,,,,18.0736,18.0884,18.089000000000002,18.073333333333334,18.032333333333334,,,,,,,,18.03,,18.139,18.124,,,,,,,,,18.096,,,,,,,,,,18.195,,18.185,18.206,,,,,,,18.1958,18.239166666666666,18.1825,18.1792,18.15575,,,,,,,18.2176,18.218166666666665,18.195999999999998,18.1695,18.152749999999997,,,,,,,18.223,18.23,18.177666666666664,18.227166666666665,18.12225,,,,,,,18.223499999999998,18.229599999999998,18.223399999999998,18.189333333333334,18.2072,,,,
OGLE-2015-BLG-0051,2015,2457083.301,16.09,0.104,0.484,58,0.145,,,,,,,,,,,,,,,,,,,,,,,,,,,,,,,,,,,,,,,,,,,,,,,,,,,,,,,,,,,,,,,,,,,,,,,,,,,,,,,,,,,,,,,,,,,,,,,,,,,,,,,,,,,,16.561,,,,16.5735,,,,16.524,,,,16.554,,,,,,,,16.525,16.528,,,,16.497,,,,,,,,,,,,16.414,,,,16.388,,,,16.342,,,,16.299,,,,,,,,,16.168,,,,16.049999999999997,,,,15.933,,,,15.814,,,,15.633,,,,15.425,,,,15.4945,,,,,15.236,,,,14.782499999999999,,,,14.969,,,,15.154,,,,15.376,,,,15.592500000000001,,,,15.7625,,,,15.909,,,,16.022,16.0205,,,,16.113999999999997,,,,16.206,,,,16.265500000000003,,,,16.32,,,,,,,,,,,,,,,,16.454,16.462,,,,16.4795,,,,16.525,,,,16.521,,,,16.5505,,,,16.541,,,,,,,,16.559,,,,,,,,,,,,,,,,,16.611,,,,16.603,,,,16.606,,,,16.596,,,,16.5945,,,,16.588,16.607,,,,16.618,,,,16.605333333333334,,,,16.6035,,,,16.624,,,,16.615,,,,,,,,16.616,,,,,,,,,,,,,,,,,,,,,16.628,,,,16.617,,,,,,,,,,,,16.618000000000002,16.642,,,16.64,,,,
OGLE-2014-BLG-0676,2014,2456777.623,33.606,0.015,0.113,208,0.52,,,,,,,,,,,,,,,,,,,,,,,,,19.638,,19.842,,19.499,,19.759,,20.085,,19.8295,,19.5205,,19.489,,19.78,,19.592,,19.825,,19.574,,19.611,,,,19.504,,19.582,,19.617,19.841,,20.153,,19.444,,19.596,,19.767,,19.7205,,19.6175,,,,,,,,19.685499999999998,,19.281,,19.47,,19.7205,,19.604,,19.8155,,19.546666666666667,,19.6495,,19.57166666666667,,19.519,,19.435666666666666,,19.4515,,19.534000000000002,,19.770666666666667,,19.57133333333333,,19.817,,19.433,,19.834999999999997,,19.52,,19.53825,,19.831000000000003,,19.416666666666668,,19.649,,,,,,,,19.729,,19.71066666666667,,19.742,,19.526,19.476333333333333,19.566000000000003,19.654,19.5915,,19.703000000000003,,19.635,19.3905,19.624499999999998,19.6715,19.608,19.679000000000002,19.559,19.537666666666667,19.816,19.463,,19.39033333333333,19.505,19.58866666666667,19.476,19.665,,19.5895,19.529,19.40533333333333,19.536,19.5334,,19.50475,,19.3752,,19.535666666666668,,19.4298,,19.442200000000003,,19.53,,,,,,19.3765,,19.351833333333335,,19.358166666666666,,19.2574,,19.1772,,19.003333333333334,,18.899,,18.613799999999998,,17.8918,,17.41825,,,,,,,,,,,,,19.315,19.202199999999998,19.366,19.397,19.32,19.35725,,19.561,,19.474,19.405,19.538,19.379,19.476666666666663,19.404249999999998,19.4775,19.551,19.5075,,,,,,,19.568,19.670666666666666,19.499,19.689,19.447499999999998,19.567,19.439,19.256,,,19.557,,,,19.529,19.63,19.678714285714285,19.426,19.514714285714287,19.702,19.384500000000003,,19.5125,,19.46955555555555,,19.590285714285717,,19.523,,19.59428571428571,,,,19.557875,,19.632857142857144,,19.556285714285714,,19.605999999999998,,19.63828571428571,19.43,19.918,,19.717285714285712,,,,,,,,19.758,19.5135,19.656799999999997,19.616,19.599200000000003,19.594333333333335,19.657,19.634,19.6446,19.570333333333334,19.706,19.624499999999998,19.56625,19.681,19.75675,19.74,19.7345,19.673250000000003,19.681,19.661,19.751333333333335,19.5672,19.6015,19.4678,19.577333333333332,19.4098,19.579333333333334,19.76366666666667,19.777,19.625666666666664,19.5625,19.702714285714286,19.478,19.680500000000002,19.457,19.7222,19.673000000000002,19.714833333333335,19.419,,,19.733999999999998,19.813,19.75877777777778,,19.641,,19.611600000000003,,19.64725,,19.495,,19.563625000000002,,19.723875000000003,,19.693,,19.508,,19.50375,,19.711000000000002,,19.780625,,19.74757142857143,,19.703333333333333,,19.70616666666667,,,,,,19.6498,19.591,19.7298,19.636499999999998,19.660800000000002,,19.5595,,19.752,,,,,,,20.003999999999998,19.719,19.5865,19.635,19.79,19.5875,19.619999999999997,,19.641,19.727,,,,,,,
OGLE-2014-BLG-1760,2014,2456905.7,14.601,0.178,0.294,97,0.2425,,,,17.62066666666667,17.636499999999998,,,17.609499999999997,17.61825,17.6595,,,17.594545454545457,17.6225,,,,17.629666666666665,,,,17.661,17.621083333333335,,,,17.618,,,,,,,,,,,,,17.6092,17.622125,,,,17.598166666666668,17.639,,,17.625333333333334,17.612625,,,,17.60666666666667,,,,17.586,17.618666666666666,,,,,,,,,,,,,,,,,,,,,,17.6154,17.5912,,,,17.599777777777778,17.5965,,,17.583,17.5803,,,,17.574818181818184,17.606,,,17.585,17.5841,,,,,17.5856,,,17.558999999999997,17.57838461538461,17.59,,,17.555,17.572000000000003,,,17.586,17.553416666666664,17.565,,,17.546333333333333,17.546888888888887,,,,17.53558333333333,17.543,,,17.512999999999998,17.530636363636365,,,,17.5071,17.503,,,,,,,,,,,,,,,,,17.406142857142857,17.41857142857143,,,17.376,17.403777777777776,,,,,,,,,17.317600000000002,,,,,,,,,17.1785,,,,,,,,,,,,,,,,,,,,,,,16.75,,,,,,,,,16.823153846153847,,,,16.947333333333333,16.953,,,,17.051000000000002,17.057,,,,17.105,,,,,,,,17.369999999999997,17.377555555555556,,,,,,,,,,,,,17.40685714285714,17.3955,,,,17.3975,,,,,,,,,17.480999999999998,,,,17.522333333333332,17.493199999999998,,,,17.318,,,,17.53,17.532333333333334,,,,17.547666666666668,17.506,,,17.489,17.528142857142857,,,,17.548875,17.5785,,,,17.581374999999998,,,,17.561666666666667,17.576666666666664,,,,17.581125,,,,17.607333333333333,17.56425,,,,17.590625000000003,,,,17.6,17.616333333333333,,,,,,,,,,,,,,,,,,,,,,,,,,,17.6345,,,,17.605,17.597,,,,17.608,,,,,,,,,17.631,,,,,17.626,,,,17.6235,,,,,17.564,,,,17.643,,,,,,,,,,,,,,17.641,,,,17.647,,,,,
OGLE-2013-BLG-1721,2013,2456533.85,18.375,0.097,1.0,131,0.3275,20.71,,,20.558,20.932444444444442,,20.852,20.72294444444445,20.7605,,20.439666666666668,20.628700000000002,,,21.387,20.913600000000002,,,20.782749999999997,,,20.669,,,20.44033333333333,20.53114285714286,20.2964,,20.201400000000003,20.549307692307693,,,20.432533333333332,20.507222222222225,,,,,,,,,,20.735363636363637,21.290333333333333,,20.588500000000003,20.426000000000002,,,21.015888888888885,20.834285714285716,,,,,,,,,,,,,20.547199999999997,20.708428571428573,,,21.180666666666667,20.60242857142857,,20.4105,20.51357894736842,20.944,,20.276555555555557,,,,20.401,21.331333333333333,,,20.579583333333332,,,,20.769,,,,,,,20.427625000000003,,,20.428272727272727,20.526999999999997,,20.3505,20.500461538461536,,,,20.743714285714283,,,20.402066666666666,20.28425,,20.2605,20.330499999999997,,,20.23136363636364,20.58257142857143,,,20.239153846153844,20.11,,,20.724,,,,,,20.6145,20.168583333333334,,,20.195285714285713,20.231,,,20.488444444444447,,,,,,,20.040750000000003,19.9944,,20.607,20.060153846153845,,,,,,,,,,,,,,19.959222222222223,19.93885714285714,,,19.7734,,,19.883666666666667,19.67814285714286,,,19.754,19.7635,,,19.370250000000002,,,19.395,,,,19.337600000000002,,,,19.176000000000002,,,18.9494,18.785,,,17.910999999999998,,,19.086666666666666,19.0178,,,17.855999999999998,,,,,,,18.265666666666668,18.381,,,18.778,,,18.805,18.9645,,,19.0101,19.1665,,,19.57,,,19.367,19.487,,,,,,19.46,19.657,,,19.654,,,,19.63781818181818,,,20.36425,36.6572,,,20.002599999999997,,,,,,,,,,,,,,20.341666666666665,19.709000000000003,,,20.884,,,,102.699,,,,,,,20.083142857142857,,,,20.2975,,,,,,,20.1635,,,20.17925,20.62125,,,20.58488888888889,,,,20.372999999999998,,,20.395999999999997,20.494,,,20.555999999999997,,,21.038,20.363500000000002,,,20.524666666666665,,,,,,,20.5945,21.248,,,20.6065,,,,61.683,,,20.61,,,,20.829500000000003,,,20.684,20.637,,,23.44,,,,,,,,,,,,,,21.764,23.0185,,,,,,,20.3495,,,21.177,,,,61.551,,,,20.223,,,20.745,,,,21.435000000000002,,,19.735,19.743,,,,,,,,,,,,
OGLE-2013-BLG-0132,2013,2456370.732,32.542,0.251,1.0,142,0.355,,,,,,,,,,,,,,,,,,,,,,,,,,,,,,,,,,,,,,,,,,,,,,,,,,,,,,,,,,,,,,,,,,,,,,,,,,,,,,,,,,,,,,,,,,,,,,,,,,,,,,,,,,,,,,,18.506,,,,,,18.841,,,,,,,,,,18.623,,18.55,,,,18.401,,18.429,,18.448,,18.474,,18.151,,18.335,,,18.27,,18.461,,18.3415,,,,18.294,,18.351999999999997,,18.2275,,18.2225,,18.142,,18.229,,18.16,,18.1185,,,,,,,,17.949,,,,17.82133333333333,,17.778,,17.692666666666664,17.656,17.657,,,,,,,,,17.417,,17.373,,17.351333333333333,,17.328500000000002,,17.36,,17.459,,17.49475,,17.554,,17.730999999999998,,17.218,,17.72025,,17.823999999999998,,17.8814,,17.93125,,18.0105,,18.070999999999998,,,,,,,,18.11575,18.164,18.218666666666667,18.369999999999997,18.215,18.403,18.32,18.311333333333334,18.308999999999997,18.389,18.305999999999997,18.330333333333332,,,18.268,18.551,,18.466,,18.443666666666665,,18.4968,,18.529166666666665,,18.509666666666664,,18.568199999999997,,18.555400000000002,,18.5516,,18.573166666666665,,18.5605,,18.5944,,18.726333333333333,,18.628666666666664,,18.61883333333333,,18.56325,,18.537,18.442,,,,,,,,,,,18.609,18.6735,18.438,18.727249999999998,18.625,18.648,18.6635,18.71383333333333,,18.684833333333334,18.645,18.73114285714286,,18.739,,18.615250000000003,,18.631,,18.74814285714286,,,,18.75583333333333,,18.78,,18.68325,,,,,,18.678285714285714,18.585,18.684166666666666,18.582,18.6304,18.481,18.6478,18.7305,18.7596,18.686333333333334,18.7424,18.730999999999998,18.522,18.748,,,,,,,,18.790999999999997,18.727,18.800666666666668,19.208,18.62033333333333,,18.735,18.591,18.704285714285714,,18.781625000000002,,18.746555555555556,,18.735222222222223,,18.692555555555558,,18.7359,,18.764666666666667,,18.800124999999998,,,,18.767166666666668,18.76,18.685666666666666,,18.800285714285714,18.789,18.804499999999997,18.7065,18.7805,18.836,18.796000000000003,18.780666666666665,18.756,18.732,18.7518,18.830333333333332,18.839,18.703333333333333,18.79625,18.7854,18.774333333333335,18.848,,,,,,,
OGLE-2015-BLG-0966,2015,2457205.201,57.372,0.012,1.0,231,0.5775,,,,,,,,,,,,,,,,,,,,,,,,,,,,,,,,19.351,19.6815,19.6695,,19.607,19.28,19.567,19.542,19.309,,,,19.4235,19.411,19.619,19.545499999999997,,19.50166666666667,,19.628,19.531,19.5085,19.552000000000003,19.751,19.5355,,19.466,19.448333333333334,19.613999999999997,19.569333333333333,19.566,19.514,19.5165,19.672,19.575,19.595,19.599333333333334,19.427999999999997,19.63533333333333,19.5035,,,,,19.58666666666667,19.591333333333335,19.429333333333332,19.315,19.502,19.39033333333333,19.402,19.606,19.623,,,,,19.497999999999998,19.4375,19.5375,19.517,19.44633333333333,19.434,19.52736363636364,19.505454545454544,19.433769230769233,19.55830769230769,19.479071428571434,19.521333333333335,19.324749999999998,19.515666666666664,19.48375,,,,,19.40533333333333,19.423,19.44769230769231,19.6195,,19.409562499999996,19.445249999999998,19.414999999999996,19.388444444444445,19.442571428571426,19.39711111111111,19.43647058823529,19.34275,19.37641176470588,19.412599999999998,19.361181818181816,19.378444444444444,19.32664705882353,19.31468421052632,19.37238888888889,19.342666666666673,19.341499999999996,19.257199999999997,19.3255,19.26175,19.343416666666666,19.302304347826087,19.236250000000002,,19.155,19.1185,19.2085,19.196230769230773,19.21213636363636,19.244777777777777,19.216190476190476,19.185538461538464,19.233222222222224,19.192555555555558,19.14785,19.150363636363636,19.10290476190476,19.173099999999998,19.12704761904762,19.04769230769231,19.119909090909093,19.044375,19.024,19.001521739130432,,18.9564,18.976666666666667,18.9425,18.942923076923076,18.814,18.908125000000002,18.83795652173913,18.824,18.791750000000004,18.76966666666667,18.466500000000003,18.918,18.735333333333333,18.698038461538463,18.622423076923077,18.620304347826085,18.564133333333327,18.55661111111111,18.482842105263153,18.454708333333336,18.398347826086955,18.336000000000002,18.3072,18.227750000000004,18.217636363636366,18.162666666666663,18.137900000000002,18.015076923076922,17.9718,17.905318181818185,17.79811111111111,17.70116666666667,,17.54275,17.423391304347827,17.2658,17.07708,16.862269230769233,16.652,16.299500000000002,16.226764705882353,,,,15.769727272727273,16.22095,16.4159,,16.869875,17.12766666666667,17.26730769230769,17.42775,,17.619083333333332,17.644999999999996,17.784,,17.950285714285716,,18.097266666666666,18.174000000000003,18.2143125,18.247874999999997,18.278285714285712,18.322388888888888,18.365590909090905,18.445818181818183,18.51009523809524,18.53092857142857,18.539846153846153,18.581833333333332,18.638416666666668,18.621,,,18.742,18.766333333333332,18.535,18.793642857142856,18.81718181818182,,,,,,,,,,,,,,19.0155,19.09722222222222,18.990999999999996,,19.164875,19.11442857142857,19.1741,,19.176583333333333,19.191166666666668,19.162200000000002,19.227166666666665,,,,19.237999999999996,,19.303133333333335,19.275142857142857,19.2805,19.27283333333333,19.3555,19.355153846153843,19.343714285714288,19.33069230769231,19.317285714285713,19.341625,19.2065,19.355500000000003,19.3556,19.6355,19.3652,19.387,19.33758333333333,19.338999999999995,19.409125,,,19.327166666666667,,19.4105,19.3924,19.4665,,,,,,,,19.415,19.322333333333333,19.524,19.337,19.534,18.82,,19.402,19.396,19.361,19.285,19.226,,,,,,,19.573,,,,,19.639,19.451,19.652,,,,,19.188,19.304,19.381,,,19.365,,,19.832,19.403,,,,,,,19.524,,19.351,,,,,,,,,,,,,,,,,,,,,,,,,,,,,,,,,,,,,,,,,,,,,,,,,,,
OGLE-2017-BLG-0173,2017,2457838.053,52.506,0.387,0.219,191,0.4775,,,,17.563,,,,,17.605,,,17.582,,,17.523,,,,,,,,,,,,,,,,,,,,,,,,,,,,,,,,,,,,,,,,,,,,,,,,,,,,,,,,,,,,,,,,,,,,,,,,,,,,,,,,,,,,,,,,,,,,,,,,,,,,,,,,,,,,,,,,,,,,,,,,,,,,,,17.5205,17.507,17.464,,17.467,17.432,17.502,17.462,,17.469,17.461,17.436,17.471,,17.4525,17.421,17.474,,,,,17.4315,,17.415,17.399,17.383000000000003,17.368000000000002,,17.366,17.395,17.357,17.3415,,17.3425,17.3285,17.308333333333334,17.322499999999998,,17.2925,17.2695,17.295,17.266,17.298,17.268,17.2795,17.267333333333337,,17.25,17.243666666666666,17.226,17.229,,,,,17.210500000000003,17.199,17.218999999999998,17.209333333333333,17.222,17.208,17.2125,17.207666666666665,17.217,17.22075,17.234,17.233,17.23975,17.2255,17.2322,,17.2235,17.247999999999998,17.2555,17.263,17.287,17.2675,17.2805,17.293333333333333,,17.288,17.2955,17.311,17.308600000000002,,17.319,17.342666666666666,,,,,17.358600000000003,17.374333333333336,17.396333333333335,17.368,17.3844,17.3892,17.400499999999997,17.401,17.412,17.417,17.4222,17.4315,17.426499999999997,17.415333333333333,17.442,17.443,17.439000000000004,17.448,17.442249999999998,17.4556,17.4635,17.44875,17.499,17.469499999999996,17.4785,17.473599999999998,,17.493,,,,,,,17.504,17.481,,,,17.483166666666666,17.50657142857143,17.493000000000002,17.493,,17.519333333333332,,,,17.531,17.49175,17.527799999999996,17.560000000000002,17.50275,17.525,17.51985714285714,17.52975,17.50725,17.5178,17.523249999999997,17.537,17.5165,17.5168,17.532599999999995,,,,,,17.534374999999997,17.513,17.533333333333335,17.537,,,,,17.543,17.524714285714285,17.53775,17.52466666666667,17.534,17.525333333333332,,17.493000000000002,,17.589,,,17.514,17.521,17.529285714285713,17.527250000000002,17.54025,17.555600000000002,17.550199999999997,17.52166666666667,17.524666666666665,,,,,,,17.519000000000002,17.5334,17.540666666666667,17.537000000000003,17.546,17.557666666666666,17.542400000000004,17.514750000000003,,,,17.548,17.556714285714285,17.539166666666663,,17.537,17.551666666666666,17.563,17.542833333333334,17.545333333333335,17.545250000000003,17.54585714285714,17.5512,17.535666666666668,17.518,,17.537799999999997,17.534333333333333,17.5298,,17.549666666666667,,,,17.558,17.5428,17.563333333333333,17.539250000000003,17.54675,17.542,17.586,,,,,17.544,17.55275,17.5215,17.524,17.550666666666668,17.54225,17.544249999999998,17.548333333333332,17.518,17.543555555555557,17.5435,,,,17.528333333333332,17.5275,17.55425,17.5425,17.531,17.527666666666665,
OGLE-2017-BLG-1140,2017,2457940.672,14.029,0.29,1.0,65,0.1625,,,,,,,,,,,,,,,,17.622,,,,17.672,,,,,17.636,,,,,17.678,17.613,,,,17.615,,,,17.624,17.587,,,,,17.572,,,,17.609,,,,17.62,17.602,,,,17.591,,,,17.667,,17.558,,,,,,,,,,,,,,,,,,,,,,,17.565,,,,17.559,17.563,,,,,,,,,,,,,,,,,,,,,,,,,,,17.463,,17.441,,,17.444,,17.437,,,,17.429,,,,17.361,,,,,,,,,,,,,,,,,,,,,,,,,,,,,17.009,,,,16.968,,,,,16.834,16.823,,,,16.725,,,,16.61,16.589,,,,16.509,,,,,16.425,,,,,,,,,,,,,,,,,,,,,,,,,,,,16.5955,16.641,,,,16.718,16.749,,,,16.822,,,,16.949,,,,17.054,,17.027,,,,17.134,,,,,,,,,,,,,,,17.29,,,,17.343,,,,,17.339,,,,,17.403,,,,,17.433,,,,,,,,17.492,,,,,17.48,17.512,,,,17.516,,,,,17.552,,,,17.532,,,,,,,,,,17.57,,,,,17.565,,,,,17.612,,,,,17.555,,,,,,,,,,,,,,,,,,17.6075,17.618,,,,17.628999999999998,,,,,17.638,,,,,17.61,,,,,,,,,,,,,,,,,,,,,,,17.639,,,,,17.579,,,,,17.63,,,,,
OGLE-2016-BLG-1190,2016,2457581.692,8.021,0.172,1.0,97,0.2425,18.34275,18.355600000000003,18.345428571428574,,,,,,,,,,,,,,,,,,,,,,,,,,,,,,18.303,18.32714285714286,18.325714285714287,18.333799999999997,,,,,,18.332857142857144,18.325499999999998,,,,,,,,,,,,,,,,,,,,,,,,,,,,,,,,18.239333333333335,18.224375,18.23975,18.261499999999998,,,,,18.2675,18.211285714285715,18.203,18.1805,,,,,18.255,18.187714285714286,18.210714285714285,18.214750000000002,,,,,,18.183,18.181625,18.161399999999997,,,,,,18.219,18.16125,18.139571428571426,18.0875,,,,,,,,,,,,,18.24,,,,,,,,,17.965,18.006,18.0175,,,,,,,,,,,,,,17.927666666666667,17.935375,17.94577777777778,17.932166666666664,,,,,17.840999999999998,17.89966666666667,17.906222222222222,17.886,,,,,,17.770000000000003,17.723,,,,,,,,,,,,,,,,17.4485,17.450714285714287,,,,,,,,,,,,,,,,,16.44366666666667,16.630333333333333,,,,,,16.987,17.0754,,,,,,,,17.30966666666667,17.33875,,,,,,17.49825,17.524555555555555,17.549222222222223,,,,,,,,,,,,,,,,,,,,,,,,,,,,,,,,,,,,,,,17.9266,17.921,17.892444444444447,17.893666666666665,,,,,17.947999999999997,17.972666666666665,17.999222222222222,17.926000000000002,,,,,,18.024833333333333,,,,,,,,,,,,,,,,18.0225,18.093285714285713,18.0845,18.0896,,,,,,,,,,,,,,18.122,18.075,18.083,,,,,,18.1376,18.163,,,,,,,,18.231,,,,,,,,,,,,,,,,18.173,18.235999999999997,18.234,18.182,,,,,18.1355,18.2256,18.249333333333333,18.271,,,,,,18.296,18.256,18.2325,,,,,,18.23914285714286,18.26175,18.245375000000003,,,,,,18.3194,18.284,18.292333333333332,18.292,,,,,18.305,18.291,18.319666666666667,18.28033333333333,,,,,,18.336999999999996,18.313444444444443,18.298000000000002
OGLE-2017-BLG-0373,2017,2457840.627,6.555,1.08,1.0,50,0.125,,,,,,,,,,17.645,,,,,,,,,,17.645,,,,,,,,,,17.625,17.653,,,,,,,,,,17.667,,,,,,,,,,17.601,,,,,,,,,,17.618,,,,,,,,,,17.646,17.628,,,,,,,,,17.631,,,,,,,,,,,,,,,,,,,,17.611,17.552,,,,,,,,,,,,,,,,,,,,,,,,,,,,,,,,,,,,,,,,17.528,,,,,,,,,17.536,,17.49,,,,,,,,,17.432,,,,,,,,,,17.431,17.492,,,,,,,,,,17.402,,,,,,,,,17.38,17.386,,,,,,,,,,17.416,,,,,,,,,17.428,17.373,,,,,,,,,,17.435,,,,,,,,,17.471,17.453,,,,,,,,,17.472,,17.438,,,,,,,,,17.489,17.514,,,,,,,,,,17.551,,,,,,,,,17.527,17.543,,,,,,,,,17.604,17.573,,,,,,,,,17.567,17.568,,,,,,,,,,17.617,17.564,,,,,,,,,17.612,17.598,,,,,,,,,,,,,,,,,,,,17.647,,,,,,,,17.66,,17.659,,,,,,,,,17.647,17.663,,,,,,,,,17.687,17.641,,,,,,,,,,,,,,,,,,,,17.66,,,,,,,,,,,,,,,
OGLE-2017-BLG-1434,2017,2457985.043,88.784,0.022,0.279,155,0.3875,,,,,,,,,,,,,,,,,,,,,,,,,,,,,,,,,,,,,,,,,,,,,,,,,,,,,,,19.0215,19.17,19.1935,,19.436,19.23,19.212,19.262,19.227999999999998,19.348,19.157,,,19.1765,19.176333333333332,19.186500000000002,19.2965,19.198,19.332,19.2,19.195999999999998,19.267333333333333,19.256999999999998,19.23725,19.242,19.201500000000003,19.208,19.217333333333332,19.25225,19.183333333333334,19.146,,,19.206999999999997,19.2212,19.166600000000003,19.2055,19.184166666666666,19.1796,19.1275,19.173166666666667,19.172666666666668,19.179000000000002,19.17557142857143,19.176833333333335,19.16975,19.1655,19.174666666666667,19.1295,19.107125000000003,19.165000000000003,19.173583333333337,,,19.123399999999997,19.1965,19.1525,19.189799999999998,19.145142857142854,19.2012,19.1336,19.160875,19.1305,19.1515,19.1735,19.131666666666664,19.09975,19.166999999999998,19.1905,19.125,19.316,,,,19.003,19.140249999999998,,19.149333333333335,19.107,19.144,19.003333333333334,,19.0165,19.131999999999998,19.086999999999996,19.046909090909093,19.030874999999998,19.066111111111113,19.083833333333335,19.066,19.151333333333334,19.04,,,19.064249999999998,19.055374999999998,19.0945,,,18.99683333333333,18.97369230769231,18.965666666666667,19.018666666666665,18.951999999999998,,,18.959,18.951,18.9567,18.922214285714283,18.8805,18.858333333333334,,,,18.823625,18.826999999999998,18.83118181818182,18.828444444444447,18.75025,,18.717,18.715285714285717,18.76433333333333,18.701500000000003,18.583,18.587999999999997,18.5805,18.550800000000002,18.53275,18.437,18.406000000000002,18.344428571428573,18.273,,18.125400000000003,18.07057142857143,18.01475,17.963857142857144,,,17.3965,17.2935,17.102249999999998,16.71325,16.4985,16.807333333333336,16.724785714285712,,,17.56,17.76175,17.83425,17.960666666666665,,,18.2312,18.299500000000002,18.426666666666666,18.389249999999997,18.514333333333337,18.759,18.560000000000002,18.6,,18.658,18.739,18.735,18.81875,18.8295,18.829500000000003,18.825333333333337,18.857,18.909,,,,18.989,,18.956,18.993,19.013,,19.019,19.12,,19.2365,19.142,,,,,19.058,,18.993,,,,19.338,,,,,,,,,,,,,,,,,,,,,,,,,,,,,,,,,,,,,,,,,,,,,,,,,,,,,,,,,,,,,,,,,,,,,,,,,,,,,,,,,,,,,,,,,,,,,,,,,,,,,,,,,,,,,,,,,,,,,,,,,,,,,,,,,,,,,,,,,,,,,,,,,,,
OGLE-2011-BLG-0173,2011,2455689.214,26.942,0.946,1.0,181,0.4525,,15.795,,,,,15.81,,,,,15.807,,,,,15.806,,15.807,,,15.814,,,,,,,,,,15.807,,15.803,,,15.811,,,,,15.806,,15.804,,15.795,,,15.786,,,15.782,,15.781,,15.781,,,15.787,,15.784,,,15.771,,15.77,,,15.792,,,,,15.764,,15.78,,15.755,15.761,,15.7715,,15.771,15.763,,15.759,,15.762666666666666,15.762,,15.749500000000001,,,,,,,15.741999999999999,15.732,,15.737,,15.726,,,15.729750000000001,,15.719999999999999,,,15.712499999999999,,15.708333333333334,,15.713,15.712000000000002,,15.700500000000002,,15.702,15.691500000000001,,15.68575,,15.695,15.6815,,15.6755,,15.6665,15.6675,,,,15.653999999999998,15.646,,15.641,,15.642,,,15.6292,,,,15.614,15.612249999999998,,15.603916666666668,,15.593499999999999,15.596100000000002,,15.587642857142857,,15.573500000000001,,,,,,,,,,15.5487,15.5445,,15.541333333333334,,15.528909090909089,15.523,,,,15.5190625,15.5095,15.50925,15.508600000000001,,15.497833333333334,15.493,15.485999999999999,15.486,,15.487125,,15.486666666666666,15.48109090909091,,15.476785714285715,,15.479250000000002,15.473454545454542,,15.475923076923078,,,15.471714285714285,,15.469399999999998,,15.479000000000001,15.4725,15.485,15.481083333333332,,15.4805,15.476666666666665,15.483,15.477722222222225,,15.489700000000003,15.4875,15.496333333333332,15.491333333333337,,15.500666666666667,15.5045,15.506111111111112,15.504624999999999,,15.511959999999998,,,,,,,,,,15.558857142857144,,15.560714285714285,15.56,,,,15.577124999999999,15.581428571428573,,15.582583333333337,,15.590399999999999,15.575714285714286,15.5988,15.60223529411765,,15.6053,,,15.612,,15.644,,15.638666666666666,15.628499999999999,,15.642000000000001,,15.662333333333335,15.662,,15.656652173913042,,15.667000000000002,15.664454545454548,,,,,,,,,,,15.6928,15.696100000000001,,15.698105263157895,,15.708714285714285,15.706529411764707,,15.711333333333332,,15.717111111111112,15.720299999999998,,15.724190476190477,,,,,,,,,,,,,,,,,,,,15.761555555555553,,15.757636363636363,15.757,15.763,15.75861111111111,,15.76359090909091,15.771200000000002,15.768999999999998,15.766124999999999,,15.773000000000003,15.7715,15.771727272727274,15.774153846153844,,15.772035714285717,15.775,15.77728571428571,15.774666666666668,,15.777285714285716,,15.783999999999997,15.787454545454546,15.7835,15.779727272727273,,15.786785714285715,15.787125,15.782499999999999,15.791714285714285,,15.800833333333332,,15.797714285714287,15.795333333333335,,,,,,,15.797199999999998,,15.792000000000002,15.79157142857143,,,,,,,,,,,,,,,15.80625,15.805599999999998,15.80805,,15.803666666666667,,15.799600000000002,15.810124999999998,,15.806157894736842,15.8126,15.807,15.805833333333332,,15.809100000000004,,15.814625000000003,15.809166666666664,,15.812999999999999,,15.812100000000001,15.811416666666668,,15.8118,
OGLE-2014-BLG-1722,2014,2456900.296,24.424,0.115,1.0,87,0.2175,,19.165,,,,19.131,,,19.05,,18.953000000000003,,,19.0025,,19.074,,,18.998,19.016,,18.9705,,,18.893,,19.005,19.13,,18.988,,18.904,18.978,,19.204,19.063,,18.863500000000002,,,18.977,,19.093,19.04,,,,,18.953,,19.067,18.947,,,,,19.055,,,,,,,,,,,19.081,,,,,,,,,,,18.989,,18.831,18.941,,18.914,18.814,,18.859499999999997,,,18.913,,,,,,,,18.944,,18.83,18.959,,18.933,18.904,,,,,18.904307692307697,,,18.944,,,,,,,,18.868,,,,,18.879,,18.726,,,,18.734,,,,,,,,,,,,,18.569,,,18.7,,18.538,,,18.522,,,18.511,,,,,18.434,18.448,,18.555,,,18.406,,18.318,18.2,,18.07,,,17.993,,,17.91,,,,,,,,,,,17.365,,17.205,,,,,,,,,,,16.7,,,,,,,,,,,,,,,,,,,17.751,,,17.8315,,,,,,,,,,,18.279,,,,,,,,18.372,,,,,,,,18.482,,,18.589,,,,,,,,18.683,,,18.632,,,18.719,,,,,18.929,,,18.708,,,18.967,,,,,18.869,,,,,,,,,,,,,,,,18.867,,,18.936,,18.83,18.688,,,,,18.87,,,,,19.054,,,19.106,,,19.036,,,,,,,,,,,18.972,,,,,,,,19.015,,,,,,,,19.238,,,,,,18.933,,,,,,,,19.108,,,,,,,,,,,,,,,,,,,,,,,,,,,,,,,,,,,,,,
OGLE-2017-BLG-0482,2017,2457873.85,39.518,0.054,0.696,196,0.49,,,,,,,,,,,,,,,,,,,,,,,,,,,,,,,,,,,,,,,,,,,,,,,,,,,,,,,,,,,,,20.04,,19.812,19.897,,20.031,,20.052,20.024,,,,19.985,20.092,,19.845,,19.877,20.152,,19.818,,19.745,,,,,,19.905,,20.087,,19.8125,19.903,,20.054,,19.871,19.772,,19.871000000000002,,19.914,,19.8735,19.987000000000002,,19.9735,,19.951333333333334,19.878999999999998,,20.0165,,19.796,19.842,,19.9345,,19.965999999999998,19.794,,19.755,,19.8565,20.016,,19.73525,,,,,,,19.663666666666668,19.775,19.734499999999997,19.642666666666667,,19.683,19.601,19.7665,19.7455,,19.76,19.804,19.675,19.555500000000002,,19.67125,,19.549,19.570999999999998,,19.546,,19.5238,19.467333333333332,19.471,19.474,,19.4818,19.426666666666666,19.365,19.293,,19.334,19.269333333333332,19.244500000000002,19.314500000000002,,19.1465,,19.121333333333336,19.0975,,,,,,,18.826600000000003,,18.769000000000002,18.669,,18.61,18.5,18.48475,18.375749999999996,18.317,18.164666666666665,,17.997399999999995,17.766666666666666,17.765500000000003,17.496250000000003,,17.2842,17.172333333333334,17.180500000000002,17.300166666666666,,17.480333333333334,17.704333333333334,17.7985,17.9556,,18.1762,18.215,18.239,18.345142857142857,,18.52916666666667,18.6535,18.642333333333333,,,,,,,,,,,18.923,19.317,19.192000000000004,,,,,19.286714285714282,19.539,19.3905,19.513,,,,19.49866666666667,,,,,19.572,19.743,19.608,19.658142857142856,,19.5825,19.607333333333333,19.6495,19.628875000000004,,19.740874999999996,19.712,19.831333333333333,19.733125,19.972,19.704875,19.844333333333335,19.6948,19.8168,,,,,,,,19.778,19.824199999999998,19.796166666666664,19.872,19.6355,,,,,,,20.002,19.9124,19.807666666666666,19.853125000000002,,19.862166666666667,19.974666666666668,20.0745,,,20.110500000000002,20.079,19.817,,,,19.741,20.08066666666667,19.98188888888889,,19.962375,19.955333333333332,19.927833333333332,19.922666666666668,20.0785,19.90157142857143,20.093,20.243,,,,,,,,,20.022333333333332,20.0206,20.00342857142857,19.8485,20.011499999999998,19.982,20.0088,19.9428,19.958,19.925,,,,,19.9575,,19.987000000000002,19.961000000000002,19.8305,20.04433333333333,,20.047666666666668,,19.969333333333335,20.042,,20.0255,20.0355,19.967200000000002,19.874250000000004,,20.00275,,,19.868599999999997,,20.013666666666666,19.996000000000002,19.848,20.171999999999997,,,,,,,19.97883333333333,,20.09971428571429,19.99766666666667,19.643,19.9754,,20.2275,,,,,,20.054,20.041,20.0585,,20.054666666666666,19.995666666666665,19.886,20.1135,,20.14325,20.2145,20.298,19.875,,19.968999999999998,,,,,20.00475,20.225,19.876666666666665,
OGLE-2016-BLG-0613,2016,2457494.667,21.046,0.034,0.104,125,0.3125,,19.643,,,20.028,,,19.635,,,,,,,19.6375,,,19.649,,,19.547,,,19.645,,,19.75,,,19.666,19.465,,,19.5175,,,19.8655,,,19.983,,,19.476,,,19.685499999999998,,,19.447499999999998,19.683,,19.696,19.597,,,19.565,,,19.803,,,,,,19.599,,,19.6015,19.429,,19.598,19.452,,,19.8315,,,19.741333333333333,,,19.614,,,19.673000000000002,,,19.862000000000002,,,,,,19.339,19.412,,,19.4365,,,19.672666666666668,,,19.525,,,19.483,,,19.593,,,,19.528,,,19.816,,,,,,,,,19.620250000000002,,,19.5715,19.871,,19.956,19.509,,19.315,,,,19.635749999999998,,,19.76033333333333,,,19.368499999999997,,,,,,,,,,19.856666666666666,,,19.612714285714286,,,,,,,,,,,,19.11866666666667,19.040000000000003,,19.268333333333334,19.091875,,19.235666666666663,19.2245,,,19.07671428571428,,,18.974999999999998,,,19.064,19.077,,,,,18.922375,18.818714285714286,,18.4625,18.42675,,18.528,18.4523,,,17.93525,,,19.044642857142858,,,,,,,19.2528,,19.30675,19.202666666666666,,19.216333333333335,19.24208333333333,,19.178,19.442,,,,,,,,,,,,,,,,,,,,,,19.39507692307692,,,19.382368421052632,19.438,,19.559599999999996,19.6776,,,,,19.476571428571425,19.460083333333333,,19.277,19.4965625,,,19.454,,,,,,,,,19.748375000000003,,,,,,,19.84975,,,19.637,,,,,,,,,19.574333333333332,19.822714285714284,,,19.726857142857142,,,,,,,,19.9495,19.801888888888886,,,,19.7545,,19.836,19.739166666666666,,19.68175,,,19.764999999999997,19.574333333333335,,,,,,,,,,,,19.675999999999995,19.701714285714285,,,,,19.801000000000002,19.719545454545454,,,,,,,,,,,,,,,,,,,,,,,,,,,19.738,19.710849999999997,,,19.767500000000002,19.928,,19.827299999999997,19.72114285714286,,19.6782,19.68588888888889,,19.72566666666667,19.854846153846157,,19.858666666666664,19.7204,,19.9,,,,20.0985,,,,20.189,,19.839099999999995,19.78,,19.638,19.708399999999997,,,,,19.679333333333332,19.737875000000003
OGLE-2018-BLG-0740,2018,2458252.344,30.331,0.086,0.066,119,0.2975,,16.9,,16.875,,,16.903,,,,16.897,,,,16.899,,,16.878,,,,16.877,,16.895,,16.869,,,,,16.873,,16.864,,16.882,,,,,,,,,,,16.882,,,,16.878,,,16.873,,16.871,,,,,,,,,,,16.863,,,,16.862,,,,16.855,,,16.865,,,,16.861,,16.867,,,,16.873,,,16.854,,16.852,,,,16.882,,16.875,,,16.844,,16.877,,16.853,,,,16.856,,16.884,,,16.845,,,,,,,,,,,16.859,,,,,,16.834,,,16.838,,16.845,,,,16.851,,,,,16.863,,16.856,,,,16.836,,16.836,,,,,16.833,,,,,,,,16.788,,,,,16.787,,,,,,,,,,,,,16.732,,16.738,,,16.733,,16.696,,,,16.643,,16.115,,16.572,,,,16.437,,,16.415,,16.4575,,16.516,,16.573,,,16.642,,16.658,,16.694,,16.728,,,16.732,,16.757,,16.767,,16.777,,16.776,,,,,,,,,,,,,16.819,,16.829,16.808,,16.818,,16.8105,,16.821,,16.836,,16.822,,,,,,,,,16.835,16.83,16.832,,16.833,16.842,,,,16.8465,,16.85,,16.845,,16.84,16.842,,16.853,,16.845,,16.86,,16.862,,,16.859,,,,,,,,,,,,,,,16.852,,16.869,,,,16.882,,16.851,,,16.862,16.831,16.858,,16.866,,16.8585,,16.871,16.828,,16.853,,16.87,,16.868000000000002,,16.858,,,,16.857,16.828,,,,,,,,16.844,,,,,,,,,,,,,,,,,16.899,16.878,,16.874,,16.905,,16.864,,,16.88,,,,,,16.886,,16.87,,,,,16.847,,16.843,,,,16.881,,16.862,,
OGLE-2015-BLG-1670,2015,2457223.335,44.447,0.002,0.06,207,0.5175,,20.021666666666665,,19.769333333333332,19.831666666666667,,20.109,,,,,,20.156666666666666,19.863,,19.819,20.03833333333333,,19.99833333333333,20.3345,,,20.037,,,,,,20.197000000000003,,19.817,19.884,,19.912000000000003,19.9065,,20.07775,19.854499999999998,,20.0795,19.9708,,19.93225,19.9565,,19.941,19.9052,,,,,,,19.953,19.929666666666666,19.926,19.949,,,19.875999999999998,19.942,19.9866,19.956000000000003,19.948000000000004,19.78125,,19.834333333333333,20.013666666666666,20.0335,19.887666666666664,19.97666666666667,20.003,20.036666666666665,19.905666666666665,20.25133333333333,20.0225,20.078571428571426,20.018666666666665,19.907666666666668,19.9715,19.97433333333333,19.819666666666667,20.01625,20.0275,19.87366666666667,19.923125,20.0154,20.093,20.002000000000002,,,19.847,19.9975,20.132,20.0146,20.008499999999998,19.861,19.901666666666667,19.917,19.909333333333333,19.8825,20.06575,19.8935,19.96885714285714,19.8658,20.037,19.999285714285715,20.0615,19.9015,19.897625,19.8752,19.663,19.993199999999998,20.185,,19.957,,,20.163,20.03616666666667,19.819,20.001571428571427,19.931,,20.047,20.018666666666665,19.988,19.812444444444445,19.92075,19.869,19.8005,20.182,,19.866333333333333,19.956125,20.148,20.109624999999998,20.14342857142857,20.133,19.891499999999997,19.99275,19.638,20.11125,19.921142857142858,,20.071666666666662,19.892857142857142,19.456,20.065833333333334,19.90425,19.975,19.846299999999996,20.047,,19.893500000000003,20.045875,19.924,20.017,19.857333333333333,,19.693,19.740125000000003,19.669,19.961166666666667,19.8965,20.054999999999996,19.9245,,20.13,20.082,,,,,19.657,19.8534,19.823777777777778,20.478,,19.8124,,19.900000000000002,19.774888888888892,19.681,20.184,,19.721333333333334,19.76066666666667,,,,19.53875,,,19.322,19.297399999999996,19.171,18.993375,18.481666666666666,18.013666666666666,17.406333333333333,18.61475,18.816,19.055666666666664,19.4638,19.359333333333336,19.49857142857143,19.4085,19.780333333333335,19.59657142857143,,,,,,19.965,19.529,,19.89675,19.99675,,,,,,,,,,,,,,,,,,19.481,,20.044500000000003,19.515333333333334,,,19.7735,,19.7945,,,19.910500000000003,20.045749999999998,,19.971999999999998,19.8718,,,,,19.9675,,,19.908800000000003,19.9022,,19.8565,19.748,,19.951,19.984,,19.854,19.9132,,20.061999999999998,20.235,,19.88625,,,19.777,,,20.18825,19.979,,,,,19.9575,,,19.724,19.789,,,,,,,,,,,19.759,20.478,19.545,19.8235,20.3675,20.261,19.767,19.746,,,,20.28,19.61,19.646,,,,,,,,,,19.694,,,,,,20.2605,,19.796,,,,,,,20.462,,19.628,,,19.753,,,,,,20.143,20.11,,,,,,20.303,,,,,21.284,,,,,,,,,,,,,,,,,,,,,,,,,,,,,,,,,,,,
OGLE-2016-BLG-1067,2016,2457564.468,28.091,0.502,1.0,60,0.15,,,18.536,,,,,,,,,,,,,,18.682,,,,18.6,,,,,,,18.618,,,18.62,,18.631,,,18.602,,18.588,,,,,18.632,,,,18.627,18.578,,18.656,,,,,,,,,,,,,,,,,18.552,,,,18.582,,,,,18.58,,,,,,,,,,,,,,,,,,,,,,,,,,,,,18.526,,,,,,,,,,,18.494,,,,,18.407,,,,,,,,,,,,,,18.399,,,,,,,,,,,,,,,,,,,,,18.253,,,18.205,,18.226,,,,18.125,,,18.078,,,,,17.992,,,,,,,17.926,,,,17.908,,,,,,,,,,18.056,,,,,,,,,,,,17.809,,17.838,,17.822,,,17.853,,17.871,,,,,,,17.993,,,,,17.998,,,18.092,,,,,,,,,,,,18.249,,,,,,18.335,,,,,,,,,,,,18.3,,,18.443,,,,,,,18.413,,,,,,,,,,,,,,18.503,,,,,18.595,,18.673,,,,18.619,,,18.523,,,18.518,,,,18.573,,,18.564,,,,18.616,,,,,,,,,,,,,,18.552,,,,,18.519,,,,,,,18.549,,,,,18.614,,,,18.524,,,,,,,,,,,,18.657,,,,,18.625,,,,,,,18.704,,,,,,,18.581,,,,,,,,,,,,,,,,,,,18.542,,,
OGLE-2013-BLG-1761,2013,2456565.164,37.207,0.095,0.473,124,0.31,,,18.567555555555558,,18.590249999999997,18.576,18.55116666666667,18.543,18.577250000000003,18.59114285714286,18.5975,18.56588888888889,,18.605,18.532666666666668,18.55,18.4835,18.548,18.559555555555555,,18.597,,,,,,,18.530571428571427,,18.546499999999998,,,18.358,18.542666666666666,18.5975,,18.527500000000003,18.518,18.547124999999998,18.563,18.5894,18.55875,,18.5665,,18.601333333333333,,18.5888,18.5725,18.532,18.486142857142855,18.619,18.552,,18.4635,18.56833333333333,,18.55425,18.605333333333334,18.536625,,18.570249999999998,,,,,18.555333333333333,18.494,,,18.501,,,,,,,18.520666666666667,,18.547250000000002,18.525,18.518,18.481333333333335,,18.542333333333335,,18.541833333333333,,,,,18.462333333333337,18.431,18.5005,,18.498,,18.5255,18.4945,18.526333333333337,18.487333333333336,,18.4936,,18.4952,,18.408,,,18.5024,,18.46125,18.475,18.48533333333333,,,18.543999999999997,,18.4664,,,,,,,18.441666666666666,,18.40533333333333,,18.375,,18.418,18.5,,18.424,,18.356666666666666,,,18.3595,18.357999999999997,18.4645,,18.351333333333333,,18.3255,,,18.372,,,,18.1935,,18.23125,,,18.231333333333335,,,,18.131,,18.174999999999997,18.093,18.097,18.120666666666665,,18.01,,,,,,,17.9675,,17.807,,,,,17.6985,,17.503,,,,17.36525,17.252,17.272,17.159,,,,16.918,,16.856499999999997,16.779666666666667,,16.502,,,,16.9985,17.067,17.073,17.168666666666667,,17.241999999999997,,17.3945,,17.4525,17.5875,17.508499999999998,,,,,,,17.83,17.802,,17.9225,,,,17.9595,17.967,17.967,,,18.051000000000002,,18.079,,18.142,,,,,,,18.279,,,,,18.155,,18.327,,18.321,,,,,,,,,,,,,,,,,,,,,,,,,,,,,,,,,,,,,,,,,,,,,,,,,,,,,,,,,,,,,,,,,,,,,,,,,,,,,,,,,,,,,,,,,,,,,,,,,,,,,,,,,,,,,,,,,,,,,,,,,,,,,,,,,,,,,,,,,,,,,,,,,
OGLE-2018-BLG-0596,2018,2458277.175,30.128,0.269,0.961,197,0.4925,,,,,,,,17.285666666666668,,17.2745,,17.286666666666665,,17.2795,,17.284,17.261,,17.281000000000002,,17.277,,17.29,,17.271666666666665,,17.278,17.28166666666667,,17.277333333333335,,17.271333333333335,,17.276,,17.266,17.245,17.271,17.261499999999998,,17.262999999999998,,17.262333333333334,,17.252,,17.256333333333334,17.261,17.248,17.256333333333334,,17.2476,,17.253500000000003,,17.2572,,17.241666666666664,17.246499999999997,,,,,,,,,,17.226,17.216,,,,,,17.233249999999998,,17.238500000000002,,17.222,17.2105,,17.220666666666663,,17.21275,,17.2175,,17.234,17.216,17.200499999999998,17.201999999999998,,17.19725,,17.195,,17.195,,,,,17.189,,17.1575,,,,17.142,,17.139,,,,,17.1184,,,,17.133,,,,,,,,,17.046,,17.04,,17.016333333333336,17.015,17.00766666666667,17.01625,,16.982,,16.96966666666667,,16.946199999999997,16.958,16.93375,16.890333333333334,,16.921,,16.871750000000002,,16.844666666666665,,16.826249999999998,16.812,16.783666666666665,16.799000000000003,16.762,16.762,,16.7118,,16.689400000000003,,16.6475,16.633,16.616,16.596666666666668,16.59,16.554000000000002,,16.505166666666664,,16.461000000000002,,16.4055,16.41,16.36666666666667,,,,,,,,,,,16.070000000000004,16.062,,16.004166666666666,,15.962333333333333,,15.922714285714287,15.923,15.89725,15.895499999999998,15.877666666666668,15.88375,15.869,15.887833333333333,,15.890500000000001,,,,,,,,16.054499999999997,16.071666666666662,,16.136375,,16.18857142857143,16.201,16.253,16.255,16.304333333333332,16.316499999999998,16.351,16.361500000000003,,16.41342857142857,,16.46957142857143,16.472,16.51775,16.521,16.546999999999997,16.580000000000002,16.603,16.611600000000003,,16.659666666666666,,16.703,,,,,,,,,,,16.847,,,,16.911,16.9055,,16.924500000000002,,,,16.977500000000003,,16.980333333333334,16.990333333333336,,17.006,17.0,17.018666666666665,,17.033624999999997,,17.043166666666664,17.042,17.071499999999997,17.071,17.083333333333332,17.080599999999997,17.111,17.085333333333335,,17.098125,,17.109833333333334,17.108,,,17.13733333333333,17.145,,,,,,,,17.167749999999998,17.159,17.167,17.026,,,,,,,,,,,,,,,17.21457142857143,,17.2134,17.2245,17.2195,,17.2195,17.21666666666667,,17.2206,,17.238999999999997,,17.226750000000003,17.241,17.226,17.259,17.2325,17.233666666666668,,,,17.24525,,17.250666666666664,17.255,17.255499999999998,17.238,,17.238,,17.235333333333333,,17.2675,,17.25,17.285,17.262999999999998,17.2635,,17.252,,17.27475,,17.257666666666665,,17.265,17.26,,,,,,,,17.282999999999998,,,,17.2595,17.2435,,17.261333333333333,,17.278,,17.29175,,17.2795,17.259,17.228,17.297666666666665,,17.322,,,,17.272000000000002,,17.278,17.284,,,,17.273333333333333,,17.293
OGLE-2018-BLG-1011,2018,2458284.617,10.132,0.071,0.821,131,0.3275,,,,18.57766666666667,18.576999999999998,18.622,,,,,18.612499999999997,18.615666666666666,,,,,18.5765,18.572666666666667,18.667,,,,,18.583666666666666,18.553,,,,,18.599,18.642,18.59,,,,,18.5335,18.603333333333335,,,,,18.645,18.64,18.593,,,,,18.578666666666667,18.573500000000003,18.573,,,,18.614,18.572666666666667,18.543,,,,,18.557666666666666,18.575499999999998,18.558,,,,,18.5925,18.562333333333335,,,,,18.511,18.539,,,,,18.559,18.529,,,,,,,,,,,,,,,,,,,,,,,,,,,,,,,,18.3915,18.4185,18.4075,,,,,18.430999999999997,18.414666666666665,18.393,,,,18.394,18.4085,18.3535,,,,,18.364,18.326,18.322,,,,18.373,18.241500000000002,18.272666666666666,,,,,18.198000000000004,18.221,18.231,,,,,18.171666666666663,18.152333333333335,18.085,,,,18.086,18.067,,,,,,,,,,,,,,,,,,,,,,,,,17.17,17.046,16.991333333333333,,,,,16.578333333333333,16.465666666666667,16.402,,,,15.7095,16.052500000000002,16.253999999999998,,,,,,16.334,,,,,17.019,17.096,17.116500000000002,17.218,,,,17.497,17.5355,17.569000000000003,,,,17.768,17.7635,17.807666666666666,,,,,17.868666666666666,17.905,17.939666666666664,,,,,18.057666666666666,18.041666666666668,,,,,18.1025,18.156,18.122,,,,,18.24233333333333,18.1905,18.196,,,,18.264000000000003,18.281000000000002,18.465,,,,,18.2925,18.339,,,,,,,,,,,,,,,,,,,,,,,,,,,,,,,18.287,18.476,,,,,,,,,,,,,18.484499999999997,18.444999999999997,,,,,,18.5975,,,,,,,,,,,,18.434,18.56833333333333,18.492,,,,,18.5315,18.598,18.468,,,,,18.508499999999998,18.59933333333333,,,,18.586,18.642,18.5635,18.511499999999998,,,,18.552500000000002,18.564,18.5655,,,,,18.603,18.579666666666668,18.627499999999998,,,,18.559,18.6412,18.579666666666668,,,,,18.569666666666667,18.6,18.625,,,,18.571,18.597666666666665,18.624499999999998,18.614,,,,18.618499999999997,18.64633333333333,18.58,,,,,18.618333333333336,18.609333333333332,18.587,
OGLE-2015-BLG-1649,2015,2457243.262,26.489,0.0,1.0,48,0.12,,,,,,,,,,,,,,,,,,,,,,,,,,,,,,,,,,19.366,,,,19.273,,,,,,,,,,,,,19.418,,,19.366,,19.285,,,,,19.302,,19.149,,,,,,19.259,,,,,,,19.2545,,,19.331,,,,,,,,19.237,,19.088,,,19.158,,,,,,,19.066,,,,,,,,,,19.063,,19.171,,,,,,,,,,18.98,,,,,,,,,,,,,,,18.927,,,,,,,18.776,,,18.844,,,,,,18.706,,,,18.611,,,18.682,,,18.59,,,,18.567,,,,,,,,,,,,,,,,17.897,,,,,,,,,,,,,,,,,,,,,,,,,,,,,,,,,,,17.678,,,,,,,,,18.542,,,,,,,,18.709,,,,,18.789,,,,,,,,,,,,,18.89,,,,,,,,,,,,19.105,,,,,19.057,,,,,,,,18.95,,,,,,,,,,19.28,,,,,,,,,,,,,,,19.434,,,,,,,,,,,,,,,,,,,,19.149,,19.176,,,19.122,,19.337,,,19.113,,19.363,,,,,,,,19.128,,,,,19.049,,,,,,,,,,,,,,,,,,,,,,,,,19.22,,19.242,,,,,,,,,,,,,19.37,,,,,,,,,,,,19.385,
OGLE-2018-BLG-0677,2018,2458229.584,6.411,0.076,1.0,24,0.06,,,,,,,,,,,,,,,,19.743,,,,,,,,,,19.655,19.773,,,,,,,,,,,,,,,,,,,,,,,,,,,,,,,,,,,,,,,,,,,,,,,,,,,,19.657,,,,,,,,,,,,,,,,,,,,,,,,,,,,,,,,,,,,,,,,,19.572,,,,,,,,,19.75,19.427,,,,,,,,,,,19.445,,,,,,,,,19.485,,,,,,,,,,,19.085,,,,,,,,,,,,,,,,,,,,,18.4,18.229,,,,,,,,,,,,,,,,,,,16.937,,,,,,,,,,17.919,,,,,,,,,,,,,,,,,,,,,,18.886,,,,,,,,,,18.932,,,,,,,,,,,,,,,,,,,,,19.247,,,,,,,,,,19.497,,,,,,,,,,,,,,,,,,,,,19.369,,,,,,,,,,,,,,,,,,,,,,,,,,,,,,,,,,,,,,,,,,,,,,,,,,,,,,,,,,,,,,19.708,,,,,,,,,,,19.605,20.072,,,,,,,,,19.684,,,,,,,,,19.718,,,,,,,,,,,,
OGLE-2012-BLG-0838,2012,2456145.657,121.903,0.093,0.169,135,0.3375,,,,17.857,17.883,,17.898,17.91,,17.871,,,17.873,,17.878,,,,17.885,17.868,,17.87,17.912,,17.8905,17.87,17.871,17.882,17.885,,17.902,,17.876,,17.896,17.895,17.859,,,17.866,,17.902,,17.907,,,,,,,,,,,,,,,,,,,,,,,,,,,,,,,,,,,,,,,,,,,,,,,,,,,,,,,,,,,,,,,,,,17.924,,17.887,,17.897,,17.799,17.861,17.84,17.856,17.898,,,,17.901,17.859,17.901,17.865,17.851,17.887,17.888,17.856,17.8735,17.849,17.844,17.8445,,,,17.892,17.878,17.88,17.858,,17.851,,,17.835,17.856,17.848,17.85,,,17.838,17.844,17.863,17.825,17.832,17.8275,17.813,17.8075,,,17.78,17.125999999999998,17.63,17.733999999999998,,17.762,,17.696,,17.675,17.69,17.712,17.68,17.665,17.656,17.637,17.635,,17.552,,,17.4895,17.4745,17.447,17.415,,17.341,17.258,17.243000000000002,17.17325,17.106666666666666,17.058,17.025,17.002,,16.877166666666668,16.8672,16.864,,16.858833333333333,16.891,16.91333333333333,16.969749999999998,,17.073666666666664,17.103333333333335,17.155285714285714,17.221,17.255000000000003,17.322000000000003,17.336399999999998,17.373,17.411571428571428,17.47866666666667,17.477,,17.53575,17.562800000000003,17.588666666666665,17.613750000000003,17.629,,17.674,17.665666666666667,,17.676,,17.7135,17.713,17.759999999999998,17.772666666666666,17.747,17.774,17.79175,17.741,17.778000000000002,17.862000000000002,17.804750000000002,17.808500000000002,,17.857,17.796,17.810000000000002,,17.826,17.8095,17.781,17.8,17.905,17.777,,,,,,,,,,,,,,,,,,,,,,,,,,,,,,,,,,,,,,,,,,,,,,,,,,,,,,,,,,,,,,,,,,,,,,,,,,,,,,,,,,,,,,,,,,,,,,,,,,,,,,,,,,,,,,,,,,,,,,,,,,,,,,,,,,,,,,,,,,,,,,,,,,,,
OGLE-2015-BLG-1771,2015,2457235.346,2.46,0.369,1.0,35,0.0875,,,,,,,,,,,,,,,20.7015,20.625,20.641,20.4795,20.852,20.551499999999997,20.5885,20.299,20.1705,,,,,,,,,,,,,,,,,,,20.5505,20.389333333333333,20.5255,20.587,20.534,20.595,20.474333333333334,20.365499999999997,20.469666666666665,20.093,,,,,,,,,,,,,,,,,,,,,,,,,,,,,,,,,,,,,,,,,,,,,,,,,,,,,,,,,,,,,,,,,,,,,,,,,,,,,,,,,,,,,,,,,,,,,,,,,,,,,,,,19.864,20.116,,,,,,,,,,,,,,,,,,,,,,,,,19.891,,,,,,,,,,,,,,,,,,,,,,,19.604,19.4035,19.254,,19.386,19.450499999999998,19.28833333333333,19.5285,19.4175,,,,,,,,,,,,,,,,,,,19.785,20.162,20.025,19.8155,19.858666666666668,,,,,,,,,,,,,,,,,,,,,,,,,,,,,,,,,,,,,,,,,,,,,,,,,,,,,,,,,,,,,,,,,,,,,,,,,,,,,,,,,,,,,,,,,,,,,,,,,,,,,,,,,,,,,,,,,,,,,,,,,,,,,,,,,,,,,,,,,,,,,,,,,,,,,,,,,,,,,,,,,,,,,
OGLE-2013-BLG-0911,2013,2456537.327,93.001,0.005,0.767,164,0.41,,,,,,,,,,,,,,,,,,,,,,,,,,,,,,,,,,,,,,,,,,,,,,,,,,19.309,,19.088,19.327,,,19.183,,19.391,19.25075,19.572,19.3615,19.174,19.459,19.3295,19.2875,19.455750000000002,19.1495,19.06,19.3095,19.2675,,,19.171,19.183666666666667,19.292,19.273333333333333,,,19.44,19.255000000000003,19.276999999999997,19.237250000000003,19.27375,19.325857142857142,19.31025,19.233857142857143,19.265800000000002,19.23475,19.281333333333333,19.275000000000002,,,19.20225,19.269454545454547,19.253,19.314588235294117,19.094,19.305499999999995,19.2696875,19.252411764705883,19.217266666666664,19.2793,19.220066666666664,19.21532352941176,19.25277777777778,19.249444444444443,19.189937499999996,19.22505882352941,19.233150000000002,,,,,19.175625,19.18133333333333,19.1904054054054,19.201642857142854,19.175111111111107,19.12784848484848,19.16347619047619,19.14115384615385,19.1889,19.14021739130435,19.029,19.163826086956515,19.134589743589743,19.09551851851852,19.10757142857143,19.103142857142853,,,19.076900000000002,19.10041379310345,19.08288461538462,19.073304347826085,19.09311363636364,19.055749999999996,19.052909090909083,19.033595744680852,19.049000000000003,19.03447368421053,19.050349999999998,19.041599999999995,18.999761904761908,18.999370370370364,19.00286046511628,19.011628571428574,18.933966666666667,18.936894736842106,,18.93211111111111,18.90730769230769,18.609,18.93639285714286,18.844559999999998,18.856857142857145,18.8700625,18.870366666666666,18.83676923076923,18.81261904761905,18.783037037037037,18.812250000000002,18.735588235294117,18.730710526315786,18.699625,,18.660681818181818,18.625241379310342,18.581533333333333,,18.514166666666664,18.461578947368427,18.47835483870968,18.42453846153846,18.42423529411765,18.381,18.331800000000005,18.316826086956524,18.261050000000004,18.228263157894737,18.184833333333337,18.142333333333333,18.10833333333333,18.029214285714286,18.008076923076924,17.94845454545455,17.8535,17.819200000000002,,,17.512793103448274,17.40666666666667,17.3068,17.15925,16.955199999999998,16.63692307692308,16.423272727272728,16.12258333333333,15.651076923076918,14.562111111111111,14.911888888888889,15.571583333333331,16.17275,16.248,16.653454545454547,16.888222222222225,17.08666666666667,17.1946,,,17.5285,17.594,,17.760555555555555,,17.933833333333336,17.9942,18.063142857142857,18.122363636363637,18.157666666666668,18.238,18.2825,18.346999999999998,18.3322,18.402,18.471,,,18.59025,18.525,18.624000000000002,18.488,18.5935,18.6595,18.6225,18.5965,,,18.773,18.771,18.837,18.711,,,,,,,,,,,,,,,,,,,,,,,,,,,,,,,,,,,,,,,,,,,,,,,,,,,,,,,,,,,,,,,,,,,,,,,,,,,,,,,,,,,,,,,,,,,,,,,,,,,,,,,,,,,,,,,,,,,,,,,,,,,,,,,,,,,,,,,,,,,,,,,,,,,,,,,,,,,,,,
OGLE-2018-BLG-1700,2018,2458387.708,28.115,0.079,0.16,105,0.2625,,,,17.655666666666665,,17.665666666666667,17.622333333333334,,17.6238,,17.65585714285714,17.654,17.647,17.621250000000003,,17.65942857142857,,17.632749999999998,17.638,17.634333333333334,17.641399999999997,,17.656,,17.640800000000002,17.626333333333335,17.65,17.6466,,,,17.6606,17.567,,,,,,,,,17.67185714285714,,17.662999999999997,,,,,,,,,,,,,,,,17.664,17.625999999999998,,17.641142857142857,,17.666,,,17.65175,,17.61175,,17.63233333333333,17.6435,,17.636,,17.646,17.622,17.665,17.612666666666666,,,,17.621000000000002,,17.676,17.630666666666666,,17.64,,17.62933333333333,17.565,,17.655,,17.589,,17.633499999999998,17.6525,,17.61225,,17.59,17.636,17.672,17.6115,,17.594333333333335,,17.578333333333333,,,,,,,,,,17.591333333333335,,,,17.624000000000002,17.616,,17.62,,17.591666666666665,,17.638,17.600333333333335,,17.58966666666667,,17.5965,17.531,,17.541,,,,17.581,17.503,,17.576333333333334,,,,17.5515,17.558,,17.511333333333333,,17.50733333333333,,17.547,17.541,,17.545333333333335,,17.502000000000002,,17.535,17.511,,17.499499999999998,,,,,17.433,,17.436,,17.3685,,,,,,,,,,,,17.14875,,,17.027666666666665,,16.912000000000003,,16.72,16.695,,16.581,,16.549,,,,,,,16.99,,,,,17.028,,17.083666666666666,,,17.1955,,,,,,,17.313,,17.342,,17.302,17.356,,,,17.557,,,,,,,17.476,,,,,,,,,,,,17.505,,,17.548,,17.588,,17.559,,,17.626,,17.468,,17.439,,,17.598,,,,,,,,,,,,,,,,,,,,,,,,,,,,,,,,,,,,,,,,,,,,,,,,,,,,,,,,,,,,,,,,,,,,,,,,,,,,,,,,,,,,,,,,,,,,,,,,,,,,,,,,,,,,,,,,,,,,,,,,,,,,,,,,,,,
OGLE-2017-BLG-0604,2017,2457861.097,20.396,1.208,1.0,139,0.3475,,,,18.924,,,,,,,18.931,,,19.032,,,,,,,,,,,,,18.955,,,18.953,,,19.03,18.941,,,18.96,,,18.963,,,18.902,,,19.035,,,,18.9725,,,18.936999999999998,,,19.0245,,,18.951,19.014,,,18.938666666666666,,,18.9645,,,18.9575,,,18.918,19.027,,,18.8505,,,18.930666666666667,,,18.938000000000002,,,,18.849,,,18.901666666666667,,,18.921333333333333,,,18.955,,,18.896,18.935,,,18.9185,,,,,,,,,,,,,18.86133333333333,,,18.873,,,18.899,18.924,,18.877,18.874666666666666,,,18.86025,,,18.85766666666667,,,18.8315,18.8535,,,18.829,,,18.833000000000002,,,18.793,,,18.81566666666667,18.885,,18.687,18.79325,,,18.808500000000002,,,18.834,,,18.808,18.762,,18.678,18.80575,,,18.756,,,18.811000000000003,,,18.81,18.769,,,18.750666666666664,,,18.78425,,,18.780666666666665,18.761,,18.811,18.699,,,18.805,,,18.7495,,,,,,,,,,,,,18.7358,,,18.7765,18.879,,18.813,18.799666666666667,,,18.7775,,,18.838666666666665,18.746,,18.7915,18.8525,,18.662,18.7885,,18.743,18.850250000000003,,,18.573249999999998,18.715,,18.6845,18.6545,,18.825499999999998,18.849666666666668,,,18.8726,,,18.842999999999996,18.902,,18.896,18.869999999999997,,18.783,18.90475,,,18.836,,,18.869,18.874,,18.792333333333332,18.843,,18.755,18.855666666666668,,,18.868000000000002,,,18.9195,18.981,,,18.906,,,,,,,,,,,,,,,,,,,,18.864,,18.924500000000002,18.8825,,,,,,,,,18.976333333333333,,,18.8854,18.853333333333335,,18.838,18.967,,,,,,18.915000000000003,,,,,,,,,,19.063,,,18.897499999999997,,,18.8632,18.997,,,18.94575,,18.819,18.983,,,18.914142857142856,18.925,,18.9194,18.949333333333332,,18.8765,18.91633333333333,,18.991999999999997,18.959333333333333,,,18.91933333333333,18.946666666666665,,18.912999999999997,18.975,,18.912,18.969,,,,,,,,,,,,,,,18.9265,18.968,,,18.9425,18.93,,18.9125,,,,,,,,,,,,
OGLE-2017-BLG-1049,2017,2457908.416,24.629,0.349,1.0,73,0.1825,,,,,,,19.805,,,,,19.908,,,,,,19.903,,,,,,,,19.761,,,,,,19.771,,,,,19.823,,,,,19.754,,,19.822,,,,,,19.7,,,,,19.859,,,,,,,,,,,,,,,,,,,,,,,,19.658,,,19.886,,,19.736,,,,,19.564,,,,,19.571,,,19.78,,,,,19.615,,,19.501,,,19.545,,,,,19.605,,,,,19.531,,,19.645,,,,,,19.725,,,19.552,,,,,,,,,,,,,,,,,,,,,,,,,,,,,19.273,,19.132,,,19.192,,,,,,,,,,,,,,,,,18.687,,,18.609,,,,18.553,,,18.546,,,18.526,,18.47,,,18.658,,,18.757,,18.869,18.834,,,19.06,,,,,,,,,,,,,18.277,,19.542,19.207,,19.338,,,,,,,,,,,,,,19.528,,19.618,,,19.499,,,19.476,,,,,,,,,,,,,,,,19.628,,,19.535,,,19.592,,19.737,,,19.595,,,19.747,,,,,,,,,,,,,,,,,,19.611,19.357,,19.691,,,19.68,,,19.771,,19.562,,,,,,,,,,,19.787,,,19.419,,,19.702,,,,,19.601,,,,,19.897,,,19.664,,,19.882,,,,,19.863,,,,,,19.721,,,,,19.804,,,,,,,,,,,,,20.258,,,19.445,,,,,19.864,,,19.737,,,,,,,,,,,,,,19.683,,,,
OGLE-2017-BLG-1375,2017,2457968.926,136.738,0.016,0.044,159,0.3975,,18.805,18.758499999999998,,18.828428571428567,18.75133333333333,18.83475,18.85075,18.822333333333333,18.772399999999998,18.764000000000003,18.81533333333333,18.838,18.816625,,18.835666666666665,18.83716666666667,18.808444444444444,18.8358,,18.7315,18.7853,18.805866666666663,18.7661,18.774333333333335,18.758666666666667,18.75854545454545,,18.802333333333333,18.746916666666667,18.825,18.76709090909091,18.8033,18.797285714285714,,18.75471428571429,18.751857142857144,18.7505,18.75825,18.781666666666666,,18.778,18.8035,18.747,18.773333333333333,18.724999999999998,18.8205,18.750999999999998,18.75,18.737,18.77525,18.727666666666664,,18.71,,18.75,,,,,18.663,,,,18.812,18.783,,,,,,,,,,,,,,,,,,,,,,,,,,,,,,,,,,,,,,,,,,,,,,,,18.8625,18.7705,18.908,18.779,18.775333333333332,18.7705,18.831999999999997,,18.849,18.892666666666667,18.80775,18.801666666666666,18.783250000000002,18.83025,18.795166666666667,18.8416,18.828,18.805,18.840600000000002,18.824,,18.871,18.873666666666665,18.849999999999998,18.853714285714286,18.823,18.868125,18.86175,18.844333333333335,18.82,18.819666666666667,18.84222222222222,18.826999999999998,18.7948,,18.776,18.790125,18.818599999999996,18.805875,18.775333333333336,18.8247,18.809444444444445,18.835599999999996,18.80325,18.7825,18.7788,,,18.8445,18.753500000000003,18.793384615384618,18.81575,18.778000000000002,18.775,18.783166666666666,18.7785,18.7761875,18.779285714285717,18.75875,18.794666666666668,,18.744666666666664,18.75990909090909,,18.724999999999998,18.740799999999997,18.752,18.72775,,18.677416666666662,18.686,18.692133333333334,18.728666666666665,,,18.632411764705886,18.590214285714286,18.5769,,18.492333333333335,18.455333333333332,18.399333333333335,18.351187499999998,18.2958,18.13716666666667,17.679,17.683999999999997,,17.885,17.99255555555556,18.058,,18.273375,18.353857142857144,18.42775,18.442857142857143,18.47966666666667,18.5732,18.560444444444443,18.576600000000003,,18.623,18.625124999999997,18.60875,18.721,18.625,18.6935,18.678,18.7385,18.7394,18.73925,18.703666666666667,18.665333333333333,,,18.7455,18.700333333333333,18.695,,18.6845,,18.668333333333333,18.744,,,18.597,,,18.69,18.658,18.687,,,,,,,,,,,,,,,,,,,,,,,,,,,,,,,,,,,,,,,,,,,,,,,,,,,,,,,,,,,,,,,,,,,,,,,,,,,,,,,,,,,,,,,,,,,,,,,,,,,,,,,,,,,,,,,,,,,,,,,,,,,,,,,,,,,,,,,,,,,,,,,,,,,,,,,,,,,,
OGLE-2018-BLG-1269,2018,2458342.846,14.31,1.181,1.0,118,0.295,,,,,,,,,15.775,15.774000000000001,,,15.777,15.776,,,,,,,,15.785,15.771,15.762,,,15.7695,15.763,,,,15.763,15.764333333333333,,,15.756499999999999,15.767499999999998,15.7725,,,15.757666666666665,15.765800000000002,,,,15.758499999999998,15.761333333333333,,,15.751666666666667,15.7604,15.75,,,15.752749999999999,15.75725,,,15.767,15.766499999999999,15.7655,,,15.752666666666665,15.756499999999999,15.757,,,15.747250000000001,15.759333333333332,,,,,,,,15.75,15.751333333333335,,,,,,,,,,,,,,,,,,15.72725,15.733333333333334,,,15.724,15.741,,,,,,,,,,,,,,,,,,,,,,,,,,,,,,,,15.697,15.689666666666668,,,15.679,15.686250000000001,15.690999999999999,,,15.6725,15.705,,,,15.676333333333334,15.666,,,15.669,15.66775,,,,15.659333333333334,15.662500000000001,,,,15.653,15.654,,,,15.642666666666665,,,,15.6395,15.628499999999999,,,,,,,,15.632,15.623999999999999,,,,15.623666666666665,15.613,,,15.39,15.1305,15.615,,,15.605,15.605333333333334,,,,15.6,15.608,,,,15.606,,,,15.596,15.6,,,,15.604666666666667,15.595,,,15.603,15.608,15.616,,,15.6085,15.6005,,,,15.630333333333333,,,,15.626,15.6405,,,,,,,,,,,,,,,,,,15.6465,15.66,,,,,,,,15.669,15.6735,,,,15.688,15.677,,,,15.691333333333333,,,,15.7,15.690666666666667,,,,15.7015,15.693,,,,15.710749999999999,,,,,15.74,,,,,,,,,15.719,,,,15.715499999999999,15.727,,,,,,,,15.748,15.7285,,,,15.751000000000001,15.74,,,,15.744333333333335,,,,15.725,15.7515,,,,15.748,15.746,,,,15.7475,,,,15.7445,15.753,,,,15.7585,,,,,,,,,15.76,15.765,,,,15.765,,,,,15.7675,,,,,,,,,,,,,,,,,,,,,,,15.77225,,,,15.773,15.775500000000001,,,,15.780999999999999,15.78,,,,15.773333333333333,
OGLE-2017-BLG-0406,2017,2457908.802,37.224,0.009,0.928,221,0.5525,,17.522,,17.499,,17.4975,,17.492,17.522,,17.475,,17.505499999999998,,,,,,,17.472,,17.511,,17.483,17.498,17.493,17.4835,,17.485500000000002,,17.481,,17.488500000000002,17.49,17.485,17.486,,17.4625,,17.4805,,17.462,17.4725,,17.486,,17.4775,,17.4955,17.497,17.487,17.48866666666667,,17.449333333333332,,17.448500000000003,,17.458333333333332,17.44,,17.46025,,,,,,,17.454333333333334,,17.430000000000003,,17.451,,17.442999999999998,17.467,17.445500000000003,17.43175,,17.423666666666666,,17.453249999999997,17.462,17.45,17.42533333333333,17.434,17.42025,,17.418,,17.41925,17.429000000000002,17.425333333333334,17.4125,,17.399250000000002,,17.415,,17.401249999999997,17.399,17.379,17.3735,,17.371199999999998,,17.38025,17.386,17.370333333333335,17.327,17.362499999999997,17.3635,,,,,,,17.329250000000002,17.299,17.313,,17.297333333333334,17.3,17.29475,17.279333333333334,17.276,17.268,,17.253333333333334,,17.2418,17.267,17.227500000000003,17.218,17.23,17.2066,,17.1846,,17.19083333333333,,17.167333333333332,17.1328,,17.117,,17.0912,17.049,17.074,17.0542,17.0315,17.0132,16.988,16.981,,,,,,,,,,,,,16.739,16.689333333333334,,,,,16.536,16.5044,16.440749999999998,16.437666666666665,16.378666666666664,,,,16.219666666666665,,,,,15.89,,15.7606,15.623000000000001,15.583800000000002,15.426,15.380333333333333,15.171,15.11,14.86175,,14.4355,13.851,13.755,12.6384,12.489,13.713874999999998,,14.388625,14.758,14.837799999999998,,,,,,,,15.853,15.8762,15.987199999999998,16.02375,16.112499999999997,,,,,,,16.435000000000002,,16.516375,,16.57875,,16.631,16.677500000000002,16.689666666666668,,,16.762,,16.808,,,,,16.92275,,16.964333333333332,16.976,16.984714285714286,17.006,17.017,17.031399999999998,17.046666666666667,17.068999999999996,,17.09466666666667,,,,,,,,,,17.213499999999996,17.1954,17.20357142857143,17.2165,17.223125,,17.239166666666666,17.244500000000002,17.246199999999998,17.258499999999998,17.265,,,,,17.315,17.2975,17.3115,17.3274,17.296,17.340999999999998,,17.331000000000003,,17.310666666666666,17.396,17.349400000000003,17.363666666666667,17.3445,17.36785714285714,,17.387249999999998,17.372,17.378,,,17.3826,,17.377666666666666,,17.387333333333334,,17.3905,,,,,,17.493,17.4396,17.447,17.445500000000003,17.442999999999998,17.496,17.3998,,17.435499999999998,,,,,,,17.441499999999998,,17.445,17.405,17.4555,17.47325,,17.4695,,17.456249999999997,,17.447,17.463,17.442,17.447333333333333,,,,,17.496,17.444666666666667,17.46066666666667,17.46,17.477333333333334,,17.46875,,17.4775,,,,,,,17.460250000000002,,,17.512666666666664,17.44,17.486,,17.478,,17.4605,17.474,17.527,17.452,,,,17.5295,,17.485,,,17.491500000000002,,17.479,,17.502,,17.495,17.554333333333332,,17.5155,,17.4265,,17.4285,,17.496,17.508499999999998,,
OGLE-2019-BLG-0954,2019,2458662.595,20.488,0.736,1.0,160,0.4,,,18.97625,18.932,,19.024666666666665,19.0875,,18.9395,18.87975,,,18.938333333333336,,,19.01075,,,18.971999999999998,18.959,,18.933,18.96975,,18.988,18.98,,,18.872,,,,,,,,,,18.89025,,,18.9425,,,18.914,19.019,,18.863,18.933333333333334,,18.985500000000002,18.93475,,,18.9982,18.999,,18.98125,19.049,,18.820333333333334,19.01033333333333,,19.072,18.906,,,19.076999999999998,,,19.002,,,,,,,,,,,,,18.867399999999996,18.825,,18.962,18.996,,,,,,,,,,,,,,,,,,,,,,,,,18.915333333333333,18.952666666666666,,18.978,18.8874,,18.863500000000002,18.92783333333333,,,18.936,,,18.756,18.717,,18.88725,18.799,,18.788,18.713,,18.905,18.727999999999998,18.717,,18.781200000000002,18.8315,,18.7335,18.73375,,18.931,,,,18.666833333333333,,,18.6978,18.555500000000002,,18.725666666666665,18.691000000000003,,18.638,18.729,,,,,,,,,,,,,,,,,,,18.528666666666666,18.623,,18.589,18.580000000000002,,18.572333333333333,18.5554,,18.56,,,,,,,18.4858,18.488666666666667,,18.474,,,18.562,18.527250000000002,,,,,,18.46975,18.5135,,18.55,,,18.467333333333332,18.555,,,18.510142857142856,,,18.523400000000002,18.525666666666666,,18.544,18.561500000000002,,18.64166666666667,18.5885,,,,,,18.557,,,18.5185,18.558333333333334,,18.532,18.433799999999998,,,18.799166666666665,,,18.808874999999997,18.819000000000003,,18.844,18.713,,,,,,,,,,,,18.8055,18.881500000000003,,18.84675,18.89075,,19.0205,18.86742857142857,,,18.84714285714286,18.966,,18.86525,,,,,,,,,,18.8688,,,18.94,18.976000000000003,,18.945999999999998,18.979,,18.924666666666667,18.925400000000003,,18.831,18.8756,,,18.942200000000003,19.064,,18.9518,18.884,,18.989,18.93425,,,,,,18.91625,,,18.9735,18.906333333333333,,18.893,18.919400000000003,,19.017,18.911166666666663,,,18.909000000000002,18.943,,19.0405,18.9055,,18.975499999999997,18.959,,,18.919,,,,,,,,,,,,,18.967333333333332,,,18.943,,,18.9945,,,18.921333333333333,19.121000000000002,,18.917,18.97,,,18.957714285714285,,,19.002000000000002,,,18.991,18.959999999999997,,18.929,19.0106,,,18.997833333333332,,,18.95525,19.033,,19.153,19.024,,,,,,18.9968,,,18.98675,19.147,,18.979,18.97,
OGLE-2018-BLG-0962,2018,2458265.065,10.495,0.805,1.0,41,0.1025,,19.299,,,,,,,,,,,,,,,,,,,19.174,,,,,,,,,,,,,,,,,,,,,,,,,,,,,,,,,,,,,,,,,,,,,,,,,,18.987,,,,,,,,,,,,,19.205,,,,,,,,,,,,,19.04,,,,,,,,,,,,,,,,,,,19.093,,,,,,,,,,,,,,,,,,,,,,,,,19.029,19.005,,,,,,,,,,,,18.911,,,,,,,,,,,,,,,,,,18.953,,,,,,,,,18.808,,,,18.767,,18.826,,,,,,,,,,,18.859,,,,,,,,,,,,,,,,,,,,,,,,,,,,,,,,,,,,,,,,,,,,18.6,,,,,,,19.039,,,,,,19.172,,,,,,19.215,,,,,,,,19.04,,,,,,,,,,,,,,,,,,,,,,,,,,,,,,,,,,,,,,,,,,,,,19.317,,,,19.099,,19.02,,,,19.189,,,,,,,,,,,,,19.2135,19.321,,,,,19.11,,19.1785,,,,,19.205,19.46,19.363,,,,19.364,,19.183,,,,19.274,19.172,19.463,,,,,19.405,19.206,,,,,19.1355,19.261,,,,,19.526,,,,,,,19.106,,,,,,,,,,,,
OGLE-2018-BLG-0567,2018,2458244.933,18.72,1.104,1.0,147,0.3675,,,,,17.306666666666665,,,17.292,,,,17.322999999999997,,,17.287,17.284,,,17.309333333333335,,,17.316,17.2735,,,17.288,,,,17.314666666666664,,,17.298,,,17.293,17.290666666666667,,,17.292333333333335,,,,17.287333333333333,,,17.30966666666667,17.309,,,17.28175,,,17.279,17.296,,,17.269333333333332,,,,17.274500000000003,,,17.282666666666668,,,17.289,17.269333333333332,,,17.26475,,,17.275,17.271,,,17.25833333333333,17.278,,,17.257600000000004,,,17.264333333333333,17.25,,,,,,,,,,,,,,,,,17.230333333333334,,,,,,,,,,17.249,17.215666666666667,,,17.215333333333334,17.229,,,17.208599999999997,,,,17.1975,,,17.211199999999998,,,,17.217,,,17.177,,,17.173000000000002,17.164333333333335,,,17.1705,17.166,,17.154,17.1605,,,17.14633333333333,17.137,,,17.115,,,,17.115,,,17.110333333333333,,,,,,,17.098,,,17.089,17.091,,,,,,17.082,17.069333333333333,,,,,,,,,,,,,,,,,,,,,17.0476,,,17.068,17.064,,,17.062,17.08,,17.0705,17.05775,,,17.0625,,,17.071,17.0596,,,17.074333333333332,17.0645,,17.091,17.099200000000003,,,,17.099,,,17.09275,,,17.10466666666667,17.093666666666667,,,17.1158,17.137,,17.135666666666665,17.124333333333333,,,17.1394,17.132,,17.136,17.131999999999998,,,17.151,17.146,,17.171,17.1695,,,17.17125,17.18,,17.18,17.1852,,,17.174000000000003,17.179333333333332,,,17.1795,17.199,,17.219333333333335,17.212,,17.204,17.2155,,,,,,,,,,,,,,,,,17.232,17.224249999999998,,,17.238,17.245333333333335,,17.229,17.233,,,17.27425,17.259,,17.266,17.2574,,,17.256,17.268333333333334,,,17.260799999999996,17.206,,17.266,17.255,,,,,,,,,,,,,17.285333333333334,17.2696,,,17.275599999999997,17.3,,17.2785,17.274400000000004,17.323,,,17.293,,17.292,17.3014,17.304,,17.28275,17.285,,17.297,17.2894,17.323,,17.29375,17.2985,,,17.2966,17.315,,17.310499999999998,17.3,,,17.307750000000002,17.2985,,17.327,17.286333333333335,,,17.304000000000002,17.2935,,,,,,,,,,,,,,,,17.32,17.347,,,,,
OGLE-2019-BLG-0304,2019,2458543.78,19.98,0.0,0.752,27,0.0675,,,,,,,,,,,,,,,,,,,,,,,,,,,,,,,,,,,,,,,,,,,,,,,,,,,,,,,,,,,,,,,,,,,,,,,,,,,,,,,,,,,,,,,,,,,,,,,,,,,,,,,,,,,,,,,,,,,,,,,,,,,,,,,,,,,,,,,,,,,,,,,,,,,,,,,,,,,,,,,,,,,,,,,,,,,,,,,,,,,,,,,,,,,16.437,,,,,,,,,,,,,,,,,,,,,,,,,,,16.481,,,,,,,,,,17.002,,,,,,,,,,,,,17.396,,,,,,,17.529,,,,,,17.669,,,,17.633,,,,,,,17.728,,,,,,17.766,,,,,,,17.772,,,,,,,,,,,,,,,,,,,,,,,,,,,,,,17.942,,,,,,17.9,,,,,,,17.896,,,17.92,,,,17.925,,,,,,17.875,,,,17.894,,,,,,17.948,,,,17.935,,,,,,17.903,,,,17.895,,,17.901,,,,,,,17.915,,,,,,17.885,,,,,,,,,,,,,,,,,17.822,,,,,,17.82,,,,17.783,,,
OGLE-2018-BLG-0383,2018,2458199.239,7.237,0.116,0.185,62,0.155,,,,,,,,,,,,,,,,,,,,,,,,,,,,,,,,,,,,,,,,15.473,15.4795,,,,,,,,,15.469,,,,,,,,,15.468499999999999,,,,,,,,,15.471,15.464,,,,,,,,15.465,15.466000000000001,,,,,,,,,,,,,,,,,,,,,,,,,,,,,,,,,,,,15.446,15.44,,,,,,,,15.427,15.4365,,,,,,,,15.419,15.422,,,,,,,,15.396,15.406500000000001,,,,,,,,,15.374,,,,,,,,,15.327,15.311,,,,,,,,15.265,15.236,,,,,,,,15.148,15.13,,,,,,,,14.9535,14.930499999999999,,,,,,,,14.62,14.595500000000001,,,,,,,,14.635,14.6585,,,,,,,,,14.974666666666666,15.004,,,,,,,,15.2045,15.157,,,,,,,,15.2905,15.3,,,,,,,,15.34,15.3605,,,,,,,,15.361,15.381,15.377,,,,,,,15.416,15.404,15.417,,,,,,,,15.42,15.427,,,,,,,,15.43,15.435,,,,,,,,15.4495,15.451,,,,,,,,15.459,15.458666666666668,,,,,,,,15.458,15.457333333333333,15.466,,,,,,,,15.457,15.457,,,,,,,,15.468,15.465,,,,,,,,,,,,,,,,,,,,,,,,,,,,,,,,,,,,,,,,,,,,,15.4735,15.48,,,,,,,,,,,,,,,,,,,,,,,,,,15.478,15.471499999999999,
OGLE-2019-BLG-0960,2019,2458686.453,63.3,0.005,0.24,155,0.3875,,,,,,,,,,,,,,,,,,,,,,,,,,,,,,,,,,,,,,18.31,,18.346,18.357,18.273,,,,,18.396,,,,,,,18.329,18.343,18.349,18.31,18.313,18.348,,18.376,18.346333333333334,18.334,18.399,18.3305,18.327,18.386,18.374,18.354,18.352,18.390500000000003,18.336,18.341,18.409,18.32,18.29,,,,,,18.428,18.31,18.33,18.3405,18.351,18.343,18.298,18.387,18.3675,18.319,18.269,18.297,18.316,18.3,18.3475,18.344,18.37,18.287,18.358,18.32,18.34,18.419,18.3295,18.3,,,,18.249,18.319000000000003,18.337,18.272,18.313,18.256,18.367,18.345,18.3405,18.296,18.3315,,,,18.299,18.345,18.208,18.325,18.265,18.352,18.2805,18.253,18.374,18.279,18.266,,,,,18.22,18.253,,,,,,,,18.256999999999998,18.231499999999997,18.214,18.176,18.213,18.206,18.201999999999998,,18.228,18.21,18.167,,18.197,18.17,18.168,,,,,,,18.099,18.067500000000003,18.006,18.05,,18.034,18.039,17.974,,17.936,17.926,,17.912999999999997,17.923,17.8155,17.844,17.7745,,,17.621,17.585333333333335,17.518,17.445999999999998,17.385333333333335,,,,16.911,16.7875,16.428,16.2,15.926,15.303,,,16.169,16.508499999999998,16.7455,16.9335,17.0785,17.218,17.2975,17.372,,17.543,17.585,17.674,17.684,,17.75,17.748,,17.854,,,,,,,18.0575,17.993,18.025,,18.017,18.061,18.067,18.003,18.09,,,,,18.147,18.089,18.159,18.134,18.157,18.198999999999998,18.143,18.183,,,,,,18.108,18.173,18.234,18.256,18.236,18.262,,18.265,,,,,18.305,,,,,18.221,,,,,18.261,,,,,,,18.252,,,,,,,,,,,,,,,,,,,,,,,,,,,,,,,,,,,,,,,,,,,,,,,,,,,,,,,,,,,,,,,,,,,,,,,,,,,,,,,,,,,,,,,,,,,,,,,,,,,,,,,,,,,,,,,,,,,,,,
OGLE-2018-BLG-0532,2018,2458219.605,9.2,0.451,1.0,85,0.2125,,,,,,,18.133499999999998,,,,,,,18.1935,18.159,,,,,,18.185499999999998,18.136,,,,,,18.105,18.1415,,,,,,18.094,18.18466666666667,,,,,,,18.130499999999998,18.111,,,,,,18.108666666666664,18.11,,,,,,18.183,18.095,,,,,,18.038,18.0685,,,,,,18.151,18.105666666666664,,,,,,,18.073333333333334,18.095,,,,,,18.07,18.065,,,,,,18.1465,18.072,,,,,,18.028,18.076666666666668,,,,,,,18.060666666666666,18.054,,,,,,18.058333333333334,18.031,,,,,,17.982999999999997,18.0075,,,,,,17.981,17.948666666666668,17.956,,,,,,17.955333333333332,17.901,,,,,,17.878666666666664,17.875999999999998,,,,,,17.871333333333336,17.863999999999997,,,,,,,,,,,,,,,,,,,,,,,,,,,,,,,,,,,17.64,17.615,,,,,,,,,,,,,,,,,,,,,17.1555,17.179000000000002,,,,,,17.4265,17.451999999999998,,,,,,17.5685,17.627499999999998,,,,,,,17.7315,17.703,,,,,17.79,17.805999999999997,17.801,,,,,,17.833,17.898,,,,,,,17.912999999999997,,,,,,17.927500000000002,17.948,,,,,,17.936,17.9455,17.974,,,,,,17.99866666666667,17.988,,,,,,18.016,18.066,,,,,,,,,,,,,,18.029,,,,,,18.111,18.103,,,,,,,,,,,,,,18.093,18.097,,,,,,18.138,18.168,,,,,,,,,,,,,18.059,18.093,18.119999999999997,,,,,,,,,,,,,,18.152,,,,,,,,,,,,,,,,,,,,,,,,,,,,18.148,18.186333333333334,,,,,,,18.195666666666664,18.154,,,,,18.087,18.163,18.229,,
OGLE-2019-BLG-0299,2019,2458559.771,30.26,0.093,1.0,117,0.2925,,,,,,,,,,,,,,,,,,,,,,,,,,,,,,,,,,,,,,,,,,,,,,,,,,,,,,,,,,,,,,,,,,,,,,,,,,,,,,,,,,,,,,,,,,,,,,,,,,,,,,,,,,20.224,,,,,,,,,,,20.54,,20.683,,,20.164,,20.383,,,,19.99,,,,,20.406,,20.249,,20.521,,20.1455,,20.562,,,20.394,,20.3125,,20.528,,20.184,,,,,20.326,,20.1,,20.072,,,,,,,,,19.952,,,,19.874499999999998,,19.7305,,19.716,19.771,,19.750500000000002,,19.68,,19.5785,,19.25,,19.263,19.399,,19.16,,18.788,,18.300333333333334,,18.245333333333335,,17.8105,17.749,,18.426750000000002,,18.409333333333333,,18.670666666666666,,17.933,,18.585,18.649,,18.86766666666667,,19.151999999999997,,19.231333333333332,,19.411,,,,,,,,,,,19.902,,,20.0875,,20.312,,20.02975,,20.0435,,20.291,,20.061500000000002,,20.154,20.4295,,20.1776,,20.311500000000002,,20.3214,,20.261333333333337,,20.485500000000002,20.497,20.574,20.3265,,20.43875,,20.4946,,20.44,20.588,20.5,20.354000000000003,,20.434,,20.4235,,20.541666666666668,,20.398,,20.521,20.656333333333333,,,,,,,,,,20.6575,20.3325,20.257,20.689,,20.5635,,20.810666666666666,,20.7585,,20.389,20.593,20.329,20.454,,20.733333333333334,,20.7225,,20.656,20.485,,,,,,,,20.209,,20.6145,20.586,,20.617,20.627,20.867,20.94,20.63,,20.6765,,20.66,,20.5015,,20.21,,,,,,,,,,,,,,20.374499999999998,,20.811,,,,,,,,,,,,,,,,,20.6645,,20.332,20.869,20.553,20.49166666666667,,20.689999999999998,,20.195,,20.709,20.375,,20.574,,20.475,,21.187,,20.474,,,,,,,,,20.02,,,,
OGLE-2018-BLG-1185,2018,2458310.783,13.301,0.008,0.269,139,0.3475,,,,,18.265,18.249333333333336,,,,18.241333333333333,18.208333333333332,,,,18.221,18.2195,,,18.184,18.189500000000002,18.239666666666665,,,,18.230999999999998,18.201666666666668,,,18.232,18.209400000000002,18.247,,,,18.226499999999998,18.194666666666667,,,18.226,18.207,18.178,,,,,,,,,,,,,,,,,,18.207,18.201,18.202666666666666,,,18.204,18.216250000000002,18.211666666666666,,,18.269,18.194,18.19633333333333,,,,18.187,18.24,,,18.168,18.226666666666667,18.200666666666667,,,18.185,18.195333333333334,18.214333333333332,,,18.139000000000003,18.207,18.2335,,,18.21,18.179,18.203999999999997,,,18.172,18.215,18.1955,,,18.135,18.236333333333334,18.172666666666668,,,18.216,18.2225,18.1995,,,18.1605,18.18733333333333,18.178,,,,18.1695,18.158,,,,,,,,,,,,,,,,,,,,,,,,18.005,,,,,,,,,,18.013666666666666,17.982,,,,18.031,,,,,,,,,17.9435,17.906499999999998,,,,17.801,17.82725,17.864,,,,17.709500000000002,17.712,,,17.546666666666667,17.523,17.4935,,,17.328666666666667,17.293999999999997,17.2115,,,16.863500000000002,16.74775,16.643,,,15.469333333333333,14.8442,14.489,,,16.344666666666665,16.5385,16.666,,,17.143,17.198666666666668,17.252,,,17.459666666666667,17.51175,17.505,,,17.695999999999998,17.67775,17.703,,,,,,,,17.880333333333336,17.899666666666665,,,,,,,,,,,,,,,,,,,18.075000000000003,18.06625,18.066,,,18.198,18.049,,,,,,,,,,,,,,,,,,,,,,,,,,,,,,,,,,18.228333333333335,18.184749999999998,,,,18.2715,18.1916,,,,18.2245,18.111,,,,18.234,18.226,,,,18.240000000000002,18.209999999999997,,,,18.21666666666667,18.235999999999997,,,,18.244500000000002,18.219,,,,18.234,18.228,,,,18.1965,18.211,,,,,,,,,18.238500000000002,18.178,,,,18.231499999999997,18.197499999999998,,,,18.326999999999998,18.262500000000003,,,,18.29,18.195999999999998,,,,18.206,18.2575,,,,18.236,,,,,18.294,18.259999999999998,,,,18.236,18.240000000000002,,,,18.2205,18.2625,,,,18.2195,18.212,,,,18.3005,18.283,,,,18.2725,18.239,,,,,
OGLE-2017-BLG-1099,2017,2457917.237,13.161,0.024,0.108,93,0.2325,20.131,,,,,20.04,20.1,,,,20.169,19.8,,,,,20.234,,,,19.988,19.943,,,,,20.279,,,,,,,,,,,,,,,,,,,,,,,,,,,,,,,,,,,,,,,20.02,20.004,,,,,,,,,,,,,,20.116,20.085,20.25,,,20.117,20.137,19.989,,,,19.718,,,,,,,,,,20.111,,,,,,,,,,,,,,,,19.828,,,,20.1615,,,,,19.932000000000002,19.959,,,,,19.927,,,,20.216,19.994999999999997,,,,19.9865,20.132,,,,20.0545,19.838,,,,19.926,19.994,,,,20.086,19.867,,,,19.974,20.076,,,,19.9355,20.191,,,,19.8885,20.033,,,,,,,,,,,,,,,,,,,,,,,,18.797,18.7485,18.539,,,,18.692999999999998,18.919,,,19.427,,,,,,,,,,,,,,,,,,,,,19.926000000000002,,,,,19.775,20.016,,,20.284,19.653,19.874,,,,19.934,19.981,,,,19.89,,,,,,,,,,19.867,,,,,,,,,,,,,,,,,,,,19.984,20.269,,,,20.079,20.084,,,,20.085,20.274,,,,20.015500000000003,20.169,20.207,,,20.094,19.97,20.008,,,19.952,19.972,,,,19.979,,,,,,,,,,,,,,,,,,,,,,,,,,,,,,20.047,20.2535,20.401,,,20.109,20.1715,20.115,,,20.227,19.904,19.891,,,19.868,20.084,20.213,,,,20.101,19.88,,,,19.747999999999998,,,,,,,,,,,,,,,,19.981,,,,20.0775,19.956,,,,20.244500000000002,20.23,,,,,20.006,,,,20.156,
OGLE-2014-BLG-0319,2014,2456788.081,37.167,0.158,0.86,164,0.41,,,,,,,,,,,,,,,,,,,,,,,,,,,,,,,,,,,,17.777,17.81,,17.773,,17.802,,,17.836,,,,17.844,,,,,17.784,,,,,,17.79,,,17.781,,,,,,,,,17.789,,17.729,,17.794,,17.78,17.824,,17.77,,17.754,,17.743,,17.781,17.769,,17.743,,17.7325,,17.709,17.718,,17.731,,17.777,,17.735,,17.772,17.728,17.754,17.6905,,17.671,,17.689999999999998,,17.6495,,,,,,,17.673000000000002,,17.668999999999997,,,17.651,,17.649,,17.615,,17.615,17.587,,17.593,,17.61,,17.564,17.603,,,,17.505,,17.518,17.544,,17.472,,17.438,,17.429,,17.41,,17.38,17.316,,17.3035,,17.242,,17.208,,,,,17.048000000000002,,16.966,16.95,16.961,17.037,,16.992,,16.957,,16.919,16.796,,16.743499999999997,,16.671,,,,,,,,,,,,,16.085666666666665,16.037,16.015,15.9635,,,,15.97,15.984,15.998,16.037,16.05,16.124000000000002,,16.2145,,,,,,,16.5425,,16.6265,,16.701,,,,,,,,17.001,16.975,17.029,,17.0745,,17.134,,17.2175,17.175,17.173,17.193,17.226,17.234,,17.279,,,17.338,17.349,17.354,17.32,17.3875,,17.396,17.435,17.454,17.441,,17.463,,,,,,,17.531,,17.531,,17.558999999999997,,17.551000000000002,17.538,17.562,17.5945,,17.6055,17.629,17.587,17.587,17.623,17.63,17.625,17.634,,17.6475,,17.674500000000002,17.651,17.678,17.6485,,17.701333333333334,,17.697499999999998,,17.693,17.6845,,17.6875,,,17.69,17.7085,17.66,17.727,,,17.72,,,,,,,17.738500000000002,,17.779,,,,,17.742,17.757,17.762,,17.725,,17.736,,17.75,,,,,17.782,17.708,17.769,17.814,17.787,,,,,,,,,,17.764,,17.799,,17.869,,,,,,,,,,,,17.797,,17.814999999999998,,17.828,,17.773,17.829,,,,17.7805,,17.765,17.8,17.846,17.803,,17.788,,17.8395,,17.812,,,,,,,17.787,,17.83,,,,,
OGLE-2019-BLG-0362,2019,2458563.655,19.96,0.132,1.0,40,0.1,,,,,,,,,,,,,,,,,,,,,,,,,,,,,,,,,,,,,,,,,,,,,,,,,,,,,,,,,,,,,,,,,,,,,,,,,,,,,,,,,,,,,,,,,,,,,,,,,,,,,,,,,,,,,,,,,,,,,,,,,19.689,,,,,,,,,,,,,,,,,,,,,,,,,,,19.446,,,,,,,,,,19.305,,,,,,,,,,19.212,,,,,,,,,,18.784,,,,,,18.485,,,,18.25,,,,,,,17.88,,,,,,17.678,,,,,,,17.984,,,,,,,,,,,,,,,,,,,,,,,,,,,,,,19.144,,,,,,19.2,,,,,,,19.429,,,19.535,,,,19.515,,,,,,19.494,,,,19.521,,,,,,19.517,,,,19.682,,,19.572,,,,,,19.656,,,,19.597,,,,,,,19.81,,,,,,19.638,,,,,,,,,,,,,,,,,19.772,,,,,,19.748,,,,19.703,,,,19.784,,,,,,19.89,,,19.758,,,,19.88,,,,,,,,,,,,,,,,20.039,,,19.769,,,,19.817,,,,19.962,,,19.739,,,,,,19.839,,,19.904,,,,20.012,,,,19.983,,,,,
OGLE-2019-BLG-1470,2019,2458749.724,25.695,0.454,1.0,60,0.15,,,,18.853,,18.933,18.882,,18.725,,18.834,18.7775,,18.875,,,,,,,,,,18.768,18.843,,18.636,,18.709000000000003,18.865,,18.697,,18.903,,,,,,,,18.661,,,18.817500000000003,,18.728,18.821,,18.789,18.733,18.684,18.718,,18.784,,,18.7855,,18.837,18.72,,,,,18.633,,18.82,,,18.837,,18.82,,,18.686,,,18.654,,,,,18.718,,,,,,,,,,,,,,,,,,18.527,,,18.489,,18.588,,,,,,18.67,,18.594,,,,,18.659,,,18.652,,,,,,,,18.626,,18.608,,,18.653,,18.528,,,18.416,,18.518,,,18.527,,,18.351,,18.469,,,,,,,,,,,,,,,,18.236,,18.189,,,18.265,,18.146,,,18.068,,,18.04,,17.959,,,,,,,,,,,,,17.885,,,,,,,,,,,,,17.935,,,,,,,,,,,,,18.02,,,,,,,,,,,,,,,18.253,,,,,,,,,,,,,,,,,,,,,,,,,,,,,,,,,,,,,,,,,,,,,,,,,,,,,,,,,,,,,,,,,,,,,,,,,,,,,,,,,,,,,,,,,,,,,,,,,,,,,,,,,,,,,,,,,,,,,,,,,,,,,,,,,,,,,,,,,,,,,,,,,,,,,,,,,,,,,,,,,,,,
OGLE-2017-BLG-1691,2017,2458002.706,17.267,0.054,0.641,71,0.1775,,,,,,,,19.78,,,20.046,19.813,,,19.826999999999998,19.94,,,,19.944,,,19.965,,,,19.766,,,,19.97966666666667,,,19.843,19.7105,,,19.89,19.959000000000003,,,19.968,19.762,,,19.919,,,,19.867,,,,19.789,,,,19.65,,,19.931,20.078,,,,19.9105,,,,,,,,,,,,,,19.997,19.876,,,19.765,19.95266666666667,,,19.844,19.958,,,19.75,,,,20.125,,,,,,,,,,,,,,,19.777,19.684,,,19.921,,,,19.747999999999998,,,,19.761,,,,19.792,,,19.662,19.642,,,19.84,,,,19.648,19.599,,,19.465,,,,,,,,,,,19.467,19.588,,,19.375,19.501,,,19.269,,,,19.309,19.41,,,19.283,,,,,,,,,,,,,,,18.722,18.6585,,,,,,,18.144333333333332,,,,17.652,,,,17.241,,,,17.462,,,,18.136,,,,,,,,,,,18.834,,,,19.048,,,,,,,,,,,19.42,,,,19.586,,,,19.48,,,,19.638,,,,19.523,,,,19.632,,,,,,,19.649,,,,19.675,,,,19.794,,,,,,,,,,,,,,,,,,,,,,,19.871,,,,,,,,,,,,,,,,19.781,,,,,,,,,,,,,,,,,,,,,,,,,,,,,,,,,,,,,,19.825,,,,,,,,,,,,,,,,,,,,,,,,,,,,,,,,,,,,,,,,,,,,,,,,,,,,,,
OGLE-2019-BLG-0468,2019,2458594.674,6.487,0.57,1.0,43,0.1075,,,,,,,17.684,17.724,,,,,,,,,,17.694,,,,,,,,,17.723,,17.702,,,,,,,,,17.721,17.694,,,,,,,,,17.643,17.68,,,,,,,,,17.669,17.677,,,,,,,,,17.66,,,,,,,,,,17.673,,,,,,,,,,17.631,,17.644,,,,,,,,,,17.606,,,,,,,,,,17.548,,,,,,,,,,17.54,,,,,,,,,17.588,,,,,,,,,,17.578,,,,,,,,,,17.612,,,17.606,,,,,,,,,17.519,,,,,,,,,,17.455,,,,,,,,,,,16.887,,,,,,,,,,17.109,,,,,,,,,,17.135,,,,,,,,,,,,,,,,,,,,,,,,,,,,,,,,,,,,,,,,,,,,,,,,,,17.535,17.498,,,,,,,,,17.559,,17.579,,,,,,,,,,17.604,,,,,,,,,17.655,,,,,,,,,,17.634,,,,,,,,,,17.657,,,17.704,,,,,,,,,17.682,,,,,,,,,,17.676,,,,,,,,,17.721,,,,,,,,,,17.704,,17.726,,,,,,,,,,,,,,,,,,,,,,,,,,,,,,,,,,,,,,,,,17.748,,,,,,,,,17.732,,,,
OGLE-2017-BLG-1806,2017,2458024.183,50.386,0.055,0.478,84,0.21,,20.518,20.159,,20.081,20.597,20.18,,20.336,20.038,,,,20.373,,,,,,,,,20.026,,,,,20.037,20.078,20.189,20.197,,,,,,,,20.06,20.347,19.952,,20.2115,20.322,20.358,20.379,20.136,20.231,20.276,20.313,,,,,,,,,20.165,20.214,,,,,,,,20.1155,20.206000000000003,,20.207,20.174,,,,,,,,20.245,20.36,20.244,20.112,,20.391,20.162,,20.224,,,,,,,20.119,20.0125,20.192,20.187,20.492,,20.433,20.567,,,,20.295,20.107,,20.311,20.093,20.14,,,19.867,20.0125,,20.251,20.282,20.125,,,20.187,19.937,,,19.999,,,,,20.0445,20.322,20.08,19.847,,,,,,,,20.144,19.957,20.083,,,19.881,19.865,,,19.973,19.936,,,,19.842,,,19.768,19.906,20.038,,,,,,19.756,,19.792,,19.689,,,,,,,,19.348,,,,,19.182,,,,19.1,,18.847,,,,18.484,,,,,,,,,,,,,,18.566,,,,,,,,,19.288,,,,19.257,,19.802,,,,,,,,,,,,,,,,,,,,,,,,,,,,,,,,,,,,,,,,,,,,,,,,,,,,,,,,,,,,,,,,,,,,,,,,,,,,,,,,,,,,,,,,,,,,,,,,,,,,,,,,,,,,,,,,,,,,,,,,,,,,,,,,,,,,,,,,,,,,,,,,,,,,,,,,,,,,,,,,,,,,,,,,,,,,,,,,,
OGLE-2018-BLG-0516,2018,2458227.601,25.703,0.1,1.0,129,0.3225,,,,,,,,,,,,,,,,,,19.365,,,,,,,,,,,,19.185,,,,,,,,,,,19.424,,19.2635,,,19.423,,19.269,19.335,,19.401,,,19.3535,,19.376,,,19.16,,19.357,,,19.3135,,,19.322000000000003,,19.3035,,,,,,,,,,,,,19.276,,,19.247,,19.205,,,19.366500000000002,,,19.233,,,,,,,,,,19.134,,19.269,,,,,,19.271,,19.2125,,,19.151,,,,,19.104,,19.093,19.118,,19.217,,,19.01,,19.0305,,,19.08,,19.026,19.095,,18.992,,,18.92,,18.893500000000003,,,18.873,,18.859,,,18.8285,,18.791,18.769,,18.8205,,,18.617,,18.685499999999998,18.591,,,,,,,,,,,,18.346,,,,,,,,17.9625,,17.834,,,17.6665,,,17.47,,17.301,,,17.06,,,16.917,,16.8625,,,16.935,,17.1885,,,17.34,,,,,17.714,,17.888,,,,,,18.127,,18.186,,,,,18.476,18.488,,,,,,,,,,,,,,,18.774,,,18.778,,18.866500000000002,,18.944,18.860500000000002,,,,,18.978333333333335,,19.01,19.003,,19.094333333333335,,,19.098,,18.9685,,,19.107,,19.1465,19.233,,19.082,,19.254,19.098,,19.192999999999998,,,19.194499999999998,,19.297,19.108,,19.314500000000002,,19.145,19.368,,19.241,,,19.2165,,19.226,,,19.102,,,,,,,,,,,,,19.384,,19.3605,,,19.310000000000002,,19.221,19.2,,19.269666666666666,,19.393,19.156,,19.2665,,19.349,19.281,,,,,,,,,,19.277,19.416,19.242,19.2795,,19.2675,19.185,,,,19.360500000000002,19.262,,19.2975,19.22,19.433,19.322499999999998,,19.3065,19.445,19.434,19.421,,19.302,19.37,,19.331666666666667,,19.438499999999998,19.437,,19.2735,,,,,,,,,,,,,19.529,,,,,19.25,,,19.473,,,,,19.47
OGLE-2018-BLG-0506,2018,2458224.11,22.878,0.096,0.88,139,0.3475,,,,,19.267,,,,,,,,,,,,,,,19.238,,,19.144,,19.243,,,19.192,,,19.222,,,19.113999999999997,,,19.156,,,19.2115,,,19.181,,,19.128,,,19.165,,19.2,19.147,,19.152,,,19.192999999999998,,,19.191499999999998,,,19.2255,,,,,,,,,,,,,,,19.1635,,,19.082,,,19.077,,19.117,19.058,,19.0515,,,,,,,,,,,,19.178,,,19.069,,,19.081,,,19.034,,19.182,,,19.035,18.976,,19.055,,,19.085,,,18.972,,,18.99,,,18.949,,,18.8645,,,18.902,,18.944,18.851,,,18.812,,,18.884,,18.822,18.715,,18.746,,,18.7275,,,18.71,,,18.6935,,,18.62,,,18.5265,,18.402,18.414,,,,,,,,,,,,,,17.933,,,,,,,,,17.3845,,,17.185,,16.957,16.929,,,16.792,,16.812,16.852,,,17.036,,,17.3,,17.471,17.529,,17.686,,,17.842,,,17.988999999999997,,,,,,18.214,,,18.331,,,,,,,,18.499000000000002,,,,,,18.611,,,,,,,,,,,,,,,,,18.926,18.9795,,,18.848,,18.935,18.85,,18.957,,,18.994,,,19.0065,18.943,,19.012999999999998,,,19.039,,,19.051,,,19.0135,,19.065,19.044,,19.099,19.049500000000002,,19.145,19.156,,19.064999999999998,19.023,,19.093,19.13,,19.046,,,19.025,,,19.115,,19.053,19.1,,19.1,19.121,,19.05,19.1565,,19.162,19.149,,19.046,19.146,,,,,,,,,,,,,,19.232,,,19.223,,,19.147666666666666,,19.136,19.173000000000002,,19.236,19.194000000000003,,19.303,19.2045,,19.201,19.161,,19.195,,,,,,,,,,,19.158,19.238333333333333,,19.171,19.215,,19.185,19.201,,,19.17,,19.2085,19.178,,19.188000000000002,19.192999999999998,,19.1905,19.27,,19.172,19.28,,19.197000000000003,19.247,,19.1685,,19.275,19.233
OGLE-2019-BLG-1053,2019,2458690.315,30.697,0.394,0.343,176,0.44,,,,18.52925,18.4935,18.4815,18.4875,,18.5055,,18.5186,,18.525499999999997,,18.53125,,18.55975,18.484499999999997,18.5545,18.512666666666664,18.46,18.51725,,18.477166666666665,,,,,,,,,18.49666666666667,18.4775,18.535400000000003,,18.492166666666666,,18.479599999999998,,18.495,,18.456500000000002,18.6,18.467,18.468333333333334,18.589,18.492,,18.481166666666667,,18.46625,,,,,,,,,,,18.494875,,18.52866666666667,,,,,,,,,,,,,,,,,18.4536,18.525,18.4545,18.48825,18.456000000000003,18.502,,18.4664,,18.45525,,18.47814285714286,,18.473666666666666,,18.45,18.472666666666665,18.466666666666665,18.4805,18.502000000000002,18.469833333333334,,18.4055,,18.460571428571427,,18.456,,18.436,18.451999999999998,18.477,18.502,,,,,,,,,,,,18.355,18.4015,,18.435333333333332,,18.416571428571427,,18.413,,,,18.415799999999997,18.342,18.424666666666667,18.378,18.461,18.424333333333333,,,,18.379,,18.309,,18.356166666666667,18.34,18.3455,18.330000000000002,18.323666666666664,18.304499999999997,18.3065,18.2165,,18.341714285714286,,18.279,,,,18.243666666666666,18.218,18.241,18.2624,,18.24057142857143,,18.2392,,18.207666666666665,,,,,,,,18.113,18.169166666666666,,18.1325,,18.11577777777778,,18.075714285714284,18.046,18.048333333333336,18.031,,,,,,18.0492,,18.023999999999997,,18.01885714285714,17.985,18.00283333333333,18.043999999999997,18.007666666666665,18.022000000000002,18.02,18.04125,,18.047428571428572,,18.044714285714285,,,,18.107666666666663,18.041,18.108999999999998,18.116333333333333,18.1585,18.1342,,18.174285714285713,,18.161857142857148,,18.198166666666665,,18.282,,18.2885,18.201,,,,,,,,18.317,,18.279,,18.2895,,18.331999999999997,18.373,,18.3112,,18.34857142857143,,18.3495,,18.3842,18.360500000000002,18.372666666666664,18.365333333333332,18.415,18.381249999999998,,18.388799999999996,,18.397,,,,18.377200000000002,,18.44066666666667,18.382666666666665,18.406,18.43975,,18.442,,18.4344,,18.466199999999997,,18.5106,,18.491,18.518,18.459,18.467000000000002,,18.513199999999998,,18.5565,,,,,,,,,,,18.435499999999998,,18.3795,,18.541249999999998,,18.486,,18.51775,,18.439999999999998,18.476,,18.4895,,,,,,18.612499999999997,,18.48975,,18.444333333333336,18.5245,,18.4506,,,,18.486600000000003,,,,18.524,,18.5305,18.4805,,18.557499999999997,,18.500500000000002,,,,18.53425,,,,18.383,18.5305,,,,,,,,18.477,,18.561,,,,,18.552000000000003,,,,18.616000000000003,,,,,,,,,,,18.508,,18.547,,,,,,,,,,,,,,,18.521,,
OGLE-2016-BLG-1093,2016,2457560.258,51.183,0.012,0.268,106,0.265,,,,,,,,,,,,,,,,,,,,,,,,,,,,,,,,,,,,,,,19.305,19.396,,,19.487,19.582,19.596,,,19.3795,,,,19.422,19.409,19.445,,19.535,19.393,,,19.666,19.545,19.499,,19.457,19.371,19.508,19.612,,19.353,,19.494,,19.483,19.448,19.51,,,19.432,19.354,19.395,,,,19.294,,19.491,19.5515,,19.515,19.648,19.546,19.63,,,,19.333,,,,,,,19.5,,19.645,,,19.284,,,19.456,,19.403,19.494,19.406,,19.36,,19.33,,19.5,19.294,19.284,,,,,,,,,19.46,,19.343,,,19.338,,19.323,,,,,,,,,,,,,,19.255,,,,19.06,,,,,19.301,,,,,,19.196,,19.084,,,,,,,,,,,,,18.807,18.753,,18.754,18.789,18.549,,,,,,18.079,,,17.541,,,,,17.037,,,,,,,18.305,18.4,,,18.556,18.663,,,,,,,18.947,18.901,,,,19.037,,,,,,19.051,,,,,,,19.067,19.232,,,,19.259,,,,19.277,,,,,19.389,,,19.339,19.337,19.461,,19.274,,19.332,,,19.398,19.379,,,19.552,,,,,,19.454,19.265,,,,,19.361,,19.35,,19.354,,,,,,,19.495,,,19.34,,,,,19.42,,19.278,,,,,,,,19.417,,,,,,19.433,,19.435,19.392,,,19.416,,19.404,,19.462,,,,19.491,,19.4,19.302,,,,,,,19.538,,,,,,,,19.734,,,,,,,,,,,19.286,,,,,,,,,,,,,,,,,,,,,,,,,,,,,,,,,,,,,,,,,
OGLE-2018-BLG-0799,2018,2458295.143,29.544,0.39,1.0,81,0.2025,,17.303,,,,17.317,,,,,17.305,,17.289,,,,,,,,,,,,,17.314,,,,,,,,,17.307,,,17.297,,,,17.295,,,,,,,17.281,,,,17.269,,,17.252,,,,,,,,,,,,,17.259,,,,,,,,,,,,,,,,,,17.244,,,17.217,,,,17.238,,,,17.246,,17.213,,,17.192,,,,17.207,,,17.188,,17.177,,,17.143,,,,17.148,,17.116,,,,17.102,,,17.078,,17.062,,,,17.048,,,,,,,,,,,,,,,,16.914,,16.881,,16.857,,,16.814,,16.803,,16.768,,16.749,,,,,,,,,,16.601,,16.553,,16.505,,,,16.451,,,16.402,,16.379,,16.33,,16.301,,,16.281,,16.278,,16.26,,,,,,,,,,,,,,,,,,,,16.404,,,,,16.497,,,,16.574,,,16.596,,16.636,,16.678,,16.722,16.704,,16.745,,16.756,,16.789,,,16.84,,,,,,,,,,,,,16.957,,16.997,,,,,,,,,,,,,,,,17.06,,17.084,,,,,17.133,,,,17.136,,,17.147,,,,17.196,,,,,,,17.223,,,,17.218,,,,,,,17.202,,17.214,,,,,17.222,,,,,,,,,,,,,,,,,,,,17.296,,,,17.297,,,,,17.301,,,,,,,,,17.296,,,,,,,,,17.277,,,,17.278,,,,,,,17.289,,,,,,,17.281,,,,,,,,,,,,,17.28,,,17.278
OGLE-2019-BLG-1492,2019,2458763.001,52.985,0.043,0.164,150,0.375,,19.22925,19.168166666666664,19.113333333333333,19.0875,19.1738,19.1315,,,,,19.31625,19.099,19.275666666666666,19.17866666666667,19.206399999999995,19.152666666666665,19.169,19.24875,19.329,19.153,19.189333333333334,19.137,,,,,,19.2975,19.289250000000003,19.2605,,,,,,,,,,19.27716666666667,19.181624999999997,19.131999999999998,19.227333333333334,19.119666666666664,19.13025,19.209857142857143,19.179333333333336,19.223,19.143,19.09971428571429,19.241625000000003,19.5475,19.371499999999997,19.2776,19.14125,19.307571428571432,19.471666666666664,,,,,,,,19.085250000000002,19.128500000000003,19.13,19.09,19.388,,19.163142857142855,19.200666666666667,19.272,19.046666666666663,,19.0915,19.112,19.182,19.14,19.182714285714287,19.126875,19.160666666666668,19.134,19.0954,19.091,,19.16825,19.151,19.1945,19.099285714285713,19.2768,19.305500000000002,19.0185,,,,19.1635,19.293,19.136499999999998,19.173444444444442,19.21875,19.30225,,,,19.319799999999997,19.2182,19.115750000000002,19.131666666666664,19.120499999999996,19.142666666666667,19.124250000000004,19.143,19.11785714285714,19.075714285714287,,19.330000000000002,19.437,19.163,19.108571428571427,19.17214285714286,19.15925,19.086333333333332,19.10333333333333,19.0895,19.333750000000002,,,,,19.145000000000003,19.095,,19.265,19.111666666666668,19.201800000000002,19.07766666666667,19.12575,19.26025,19.092000000000002,19.093833333333333,19.21033333333333,19.20566666666667,19.106599999999997,19.084833333333332,,18.936500000000002,19.076,19.148666666666667,19.112833333333334,19.059,18.985,19.084666666666667,19.053800000000003,19.153999999999996,19.0476,18.9605,19.019333333333336,19.0924,19.0255,,,,,,19.2525,,19.119500000000002,19.07275,18.981,19.106,,18.9895,18.9985,,,,18.919,18.913,18.7446,18.8094,,,18.743,,18.537,,18.56225,18.4375,18.401000000000003,,,18.249499999999998,,18.073,,,,,17.4985,17.7095,,,17.957666666666665,,18.223666666666663,,,,,,,18.792,18.72,,,,,,,,,18.791,18.857,18.811,,19.121,19.158,19.083,19.037,,,,,,,,,,,,,,,,,,,,,,,,,,,,,,,,,,,,,,,,,,,,,,,,,,,,,,,,,,,,,,,,,,,,,,,,,,,,,,,,,,,,,,,,,,,,,,,,,,,,,,,,,,,,,,,,,,,,,,,,,,,,,,,,,,,,,,,,,,,,,,,,,,,,,,,,,,,,,,,,,,,,,,,,,
OGLE-2018-BLG-0977,2018,2458276.547,15.082,0.218,0.143,141,0.3525,,,17.706,,,,,17.64,,,,17.720000000000002,,,,,,,,,17.677,,,,17.695333333333334,,,,,,,,,17.72325,,,,,,,,,,,,,,,,,,,,,,,,,,17.717333333333332,17.659,,,,17.71725,,,,17.707749999999997,17.7175,,,17.718,17.72025,,,,17.72,,,,17.697333333333336,17.677999999999997,,,17.736,17.686,17.674,,,17.76075,17.6955,,,,17.7315,,,,17.6835,17.702,,,17.685000000000002,17.667,,,17.781,17.6915,17.647,,,17.701999999999998,17.671,,,17.668,17.663,,,,17.679333333333332,17.665,,,17.695,17.712666666666667,,,17.6635,17.676,17.654,,,17.660333333333334,17.6465,,,17.6515,17.656,,,,17.63175,17.632,,,17.624499999999998,17.618333333333332,,,17.607,17.610666666666663,17.61,,,17.598333333333333,,,,,,,,,,,,,,,,,,,,,,17.4715,17.44366666666667,,,17.426,17.433600000000002,,,17.411,17.36175,17.403666666666666,,,17.320333333333334,17.30825,,,17.252,17.271,17.229,,,17.235,17.278,,,17.27,17.2685,17.32,,17.335,17.3442,,,,,,,,,,,,,,,,,17.497333333333334,17.529,17.531,,17.587,17.53925,17.533666666666665,,,17.576333333333334,17.570600000000002,,,,17.5925,,,,17.61525,17.586333333333332,,,17.634666666666668,17.638333333333332,17.645,,17.652,17.67125,17.669,,,17.65533333333333,17.658499999999997,,,17.6435,17.647000000000002,17.6825,,,17.669666666666668,17.677666666666664,,,17.712666666666664,17.69066666666667,17.735,,17.736,17.71366666666667,17.692,,,17.677,17.763666666666666,,,,,,,,,,,,,,,,,,,,,17.792,,,,,,,,,17.735,17.729,,,17.705,17.657,,,,,,,,17.71075,17.691000000000003,,,17.709,17.73425,17.796,,,17.7405,17.714,,,17.738666666666663,17.710250000000002,,,17.681,17.728599999999997,17.701,,,17.730333333333334,17.695999999999998,,,17.757,17.7178,17.75,,17.743,17.721,17.69333333333333,,,17.715,17.70775,,,17.728,17.702999999999996,17.6875,,,17.690666666666665,17.72625,,,,,,,,17.693199999999997,17.717,,,,,,,,,,,,,,,,17.732999999999997,17.72675,17.64,,,17.72,
OGLE-2018-BLG-1119,2018,2458314.122,30.187,0.662,1.0,87,0.2175,,,,18.846,,,,,,18.851,,,,,18.962,,18.831,,,,,,,,,,,,,18.849,,,,,,,,,,,,,,,,,,18.929,,18.837,,,,18.752,,,18.705,,,,18.784,,18.785,,,,18.8,,,18.858,,18.781,,18.878,,,,18.78,,,18.889,,,,18.68,,,18.861,,18.793,,,,18.666,,18.775,,,,,,,,,,,,,18.749,,18.654,,18.687,,,18.807,,18.691,,18.69,,18.692,,,,,,,,,,18.704,,18.693,,18.691,,,,18.658,,18.605,,18.583,,,18.579,,18.523,,18.616,,18.56,,,18.559,,,,,,,,,,,,18.613,,,,,,,18.348,,,,,18.423,,,,18.314,,18.356,,18.333,,18.285,,18.245,18.231,,18.248,,,18.262,,18.371,,18.329,,,,18.205,,,,,,,,,18.322,,,,,,,,,,,,,,,,,,18.389,,18.467,,,,18.429,,,,18.481,,,18.573,,,,18.545,,,,,,,18.607,,,,18.707,,,,,,18.614,,,18.715,,,,18.683,,,,,18.661,,,,,,,,,,,,,18.69,,,,,,18.765,,,,,18.774,,,,,,,,,18.82,,,,,,18.847,,,,,,,18.843,,,,18.834,,,,,,,,,18.891,,,,,,,,,,,,,18.89,,18.809,,,18.869,,18.859,,,,18.843,,,,,,,,,,,18.738,,18.839,18.852,,18.967,,,,,,,,18.983,,,18.85,,,,,,,,,,,18.868
OGLE-2018-BLG-0298,2018,2458188.766,20.879,0.056,0.162,77,0.1925,,,,,,,,,,,,,,,,,,,,,,,,,,,,,,,,,,,,,,,,,,,,,,,,,,,,,,,,,,,,,,,,,,,,,,,,,,,,,,,,,,,,,,,,,,,,,,,,,,,,,,,,,,,,,,,,,,,,,,,,,,,,18.17,,,,18.202,,,18.218,,,18.1935,,,18.186,,,18.133,,,18.19,18.188,,,18.1755,,,18.191000000000003,,,18.185,,,18.17,,,18.167,,,18.137,18.087,,,,,,,,,,,,,,,17.943,17.9615,,,,,,17.822,,,17.738999999999997,,,17.5435,,,,,,,,,,,,,17.117,,,17.309,,,17.584,,,17.76,17.799,,,17.874,,,17.934,,,17.976,,,18.0565,,,18.031,,,18.107,,,18.072,18.123,,,18.153,,,18.130499999999998,,,18.151,,,18.157,18.172,,,18.174,,,18.2115,,,18.185000000000002,,,18.21,,,18.213,,,18.198,18.197,,,18.2575,,,18.198500000000003,,,18.235,,,,,,,,,,,,,,,,18.238,,,,,,,,,18.278,18.248,,18.239,18.25,,,18.275,,,18.241,,,18.241,18.301,,,,,,18.253,,,18.278,,,18.2785,,,18.279,18.269,,18.229,,,,18.248,,,,,,18.249,,,,,,18.266,,,18.255,,,,,,,18.282,,,,,,,,,,,,,,,,,,,18.264499999999998,,,18.2545,,,18.286,18.275,,18.2605,18.251,,,18.251,,,18.277,,,18.247,,
OGLE-2018-BLG-1367,2018,2458358.129,20.111,0.031,0.764,124,0.31,,,,,,,18.515,,,,,,,18.452,,,18.4045,,,,,,18.570999999999998,18.47025,,,18.472999999999995,18.555,,18.4645,18.477999999999998,,18.49275,18.4675,,18.476,18.453500000000002,18.52,,18.468,18.427,,18.482999999999997,18.46725,,18.502499999999998,18.432333333333336,,,18.432166666666667,18.454,,18.45475,18.427,,18.3975,18.447200000000002,,,,,,18.428,18.44,,,,,,,,,,,,18.454666666666668,18.40975,,18.418,18.473,,,,,,,,,,,,,,,,,,,,,,18.434,18.31,,,18.379399999999997,18.356,,18.3335,,,18.341,18.30525,,,18.337400000000002,,,18.27933333333333,18.304,,18.345,18.2945,,,18.197000000000003,,,18.25575,18.23,,,,,,18.2065,,,18.195666666666668,18.147,,18.149,18.123,,,18.13,,,18.081999999999997,,,18.1115,,,17.997,17.997,,,17.92025,,,17.90133333333333,17.887,,17.828,17.849666666666668,,,17.763666666666666,,,17.674500000000002,17.65,,,,,,,,,,,,17.122500000000002,17.08,,,,,,16.503,,,16.09,15.976500000000001,,15.326,15.3275,,,15.239,,,15.992999999999999,16.062,,16.479,16.566,,,16.869,,,,,,17.277,17.299500000000002,,,17.437,,,,,,17.688499999999998,17.665,,17.747,17.782,,,17.835,,,17.914,17.942,,17.918,18.003,,,18.0125,,,18.065,,,18.113,18.102,,,,,,18.176999999999996,,,18.1945,18.158,,,18.225333333333335,,,,,,,,,,,,,,,,18.322499999999998,,,18.229,18.311999999999998,,,18.31525,,,18.319999999999997,,,18.348,,,,18.415,,,,,,,,,,18.47,,,,,,18.3065,,,18.359,18.4435,,,18.419,,,,,,,,,,18.374,,,18.519,,,18.401,,,,,,,18.423,,,,,,,,,,18.361,,,,,,,,,,,,,,,,18.45,18.312,,,18.501,,,18.482,,,18.533,,,,18.415,,,18.494,,,18.478,,,,18.394,,,,,,
OGLE-2018-BLG-1126,2018,2458298.285,38.562,0.008,0.096,192,0.48,18.974,,18.936,,19.008,,19.039,,,,,,,18.888,18.999,,19.008,,19.018,18.961,,18.954500000000003,,18.868,,18.794,18.9135,,18.904,,18.992,18.965,18.923,18.846,,18.938000000000002,,18.941,18.816499999999998,,18.933999999999997,,18.84,18.83,18.938,18.860500000000002,,19.041,,18.914,,,18.858,,,,,,,,,18.9015,,,,,18.967,,18.987,18.9585,,18.908,,18.907,,,18.941,,18.8675,,18.922,18.882,18.87,18.921,,,,18.847,18.931,,,,,18.867,18.84,,,18.894,,,,,,,,,,18.889,,18.935,,18.7945,18.8515,,18.895,,18.938333333333333,18.877,18.89,18.839,18.986,18.911,,18.9015,18.942,18.849,18.896,,18.929000000000002,18.787,18.841,18.89,18.823,18.860500000000002,,18.854,18.836,18.862000000000002,18.856666666666666,,18.8405,,18.841666666666665,18.949,18.91,18.851,,,,,,,,,18.89,18.872,18.826500000000003,18.822333333333333,,18.853,18.792,18.813,18.777500000000003,18.859,18.837999999999997,,18.817,,,,,,18.664,18.750333333333334,18.749000000000002,18.72,18.741,,18.737,18.7095,18.704,18.63,18.696,18.686666666666667,,18.58966666666667,18.543,18.549500000000002,18.513,,18.419666666666668,18.278,18.295,18.1585,,,,,,,,,17.486,,,18.178,18.21,18.379,,,18.523,18.495,18.458,,18.558333333333334,18.581,18.593,18.643,18.622,18.669,,18.72666666666667,18.756500000000003,18.725,18.738500000000002,18.712,18.749666666666666,18.804,18.805500000000002,,,18.680666666666667,,,,,,,18.752499999999998,,18.756,,,,,,,,,,,,18.81,18.8855,18.903,18.847,,18.874000000000002,18.839,18.821,18.8645,,18.871000000000002,,18.898,18.929,18.886,,,18.892,,18.832,18.762,18.877,18.912,,18.958,,,18.933500000000002,,18.9235,,18.872500000000002,,18.851,18.944,,19.052,,,,,,,18.949,,,18.845,,18.904,,18.917,18.871,18.878,18.832,,19.0015,,,,,18.9895,,18.918,,,19.027,,19.003,,18.893,,18.976,18.87,,19.047,,18.931,18.923,,,,18.962,,18.964,19.092,,,,,,,,,18.886000000000003,18.906,18.992,18.8975,,18.891,,18.951,,,,,,,18.805,,,19.017,,18.866,18.917,18.92,,,,,18.873,,,18.893,,,,18.994,,,,,,,,,,,,,19.15,,18.924,,,,18.868,,
OGLE-2018-BLG-1647,2018,2458372.999,38.868,0.172,0.3,130,0.325,,19.1755,18.9405,19.046,19.0925,,19.133,19.007,19.202,19.137999999999998,,19.039,19.089,19.173000000000002,19.073,19.125,19.075499999999998,,19.175,,,,,,,,19.022,,19.130666666666666,,19.076666666666668,19.1035,19.121,19.064999999999998,,19.131333333333334,19.077,19.1385,19.0355,,,,,,,19.068666666666665,,19.117333333333335,19.0585,19.0915,,,19.08475,19.053,19.134999999999998,19.097,18.963,19.086666666666666,,19.124,19.083,19.177,19.102999999999998,,19.075333333333333,,19.024,,,,,,,,18.973,,,,19.051,19.158,,,18.96,18.99,19.035,,18.968,19.064,19.017000000000003,19.0465,19.045,19.0715,,19.034666666666666,19.028,19.1345,19.066499999999998,18.993,19.060000000000002,19.028,19.08,,,19.119666666666667,,,,,,,19.105,,19.012,,,,,,,,,,,18.909,18.971,19.0385,,19.036,18.952,18.971,19.0235,,19.067,,18.9705,19.036,,18.988,,,,18.9575,18.96,19.046,18.921,,18.9735,18.918,,18.923,,18.94,18.757,19.004,18.887,18.886,18.914,,18.726,18.94,,,,,,,18.783,,,,18.799500000000002,18.846,,18.678,,18.6675,18.732,18.629,18.652,,18.6,,,,18.543,18.589,,,18.426,,18.3345,,18.07,,18.063,18.217,,18.262,,18.137,18.182,,,,18.1645,,18.224,18.228,,,,,,,18.459,,18.491,18.549,18.557,18.5455,,,,18.66,,,,,,,18.944,,,18.677,,18.768,18.8,,,,,,18.786,,,18.788,,,18.781,,,,,,,,,,,,,,18.992,,18.894,,,18.896,,,,18.937,,,18.99,,,,,,,,,,,,,,,,,,,,,,,,,,,,,,,,,,,,,,,,,,,,,,,,,,,,,,,,,,,,,,,,,,,,,,,,,,,,,,,,,,,,,,,,,,,,,,,,,,,,,,,,,,,,,,,,,,,,,,,,,,,,,
OGLE-2018-BLG-1212,2018,2458393.768,83.199,0.007,0.392,162,0.405,,,,,,,,,18.056,18.098,,,,,18.070999999999998,18.02,18.108,18.035,18.082,18.0735,18.058500000000002,18.041,18.006,18.0715,18.0205,18.057399999999998,18.0445,,,,18.083,18.061999999999998,18.081999999999997,18.0765,,,18.071,18.06075,18.079,18.043666666666663,18.047800000000002,18.0705,18.02133333333333,18.079,18.032666666666668,18.02075,18.05075,18.034000000000002,18.053285714285717,18.0376,18.02575,18.0345,18.046499999999998,18.05783333333333,18.0635,18.0448,,,,18.05333333333333,,18.048399999999997,18.050250000000002,18.03775,18.031166666666667,18.0505,18.063333333333333,18.047,18.04671428571428,18.02883333333333,,18.0445,17.993499999999997,17.984,18.008,,18.05225,17.976,,,18.009999999999998,18.0316,18.029400000000003,18.016833333333334,18.017142857142858,18.011,18.0462,18.023666666666667,18.013666666666666,18.009666666666668,18.02957142857143,18.0514,18.0173,17.99775,18.0348,17.99942857142857,17.989333333333335,18.032666666666668,18.023333333333337,,,,18.029249999999998,17.973,17.999153846153845,17.984,17.967,17.9841,18.008000000000003,,,17.972666666666665,17.97253846153846,17.9725,17.9815,17.976888888888887,17.97209090909091,17.95057142857143,17.946833333333334,17.9567,17.999000000000002,,,,17.9055,,17.956999999999997,17.959,17.946800000000003,17.91825,17.938,17.910666666666668,17.94272727272727,17.91477777777778,17.907874999999997,17.889818181818182,17.913363636363638,,17.895,,,17.877833333333335,17.91,,,,,17.882600000000004,17.84675,17.83866666666667,17.7924,17.805555555555557,17.7915,17.840666666666667,17.793,17.777499999999996,17.7686,17.76866666666667,17.7325,17.766,17.738800000000005,17.7125,17.746,17.712500000000002,17.71766666666667,,,17.633333333333336,,17.614333333333335,17.576,17.577166666666667,17.53425,17.52975,17.489,17.430333333333333,17.428666666666665,,17.392,17.356,17.307666666666666,17.292,17.245333333333335,17.216199999999997,,17.09766666666667,17.045749999999998,17.002,,,16.7775,16.637428571428572,16.535333333333334,16.385333333333335,16.214,,,15.517,14.644,14.0776,14.2365,,,15.7675,16.118,,16.4125,,16.727,,,,17.102,17.12,17.186,17.284,17.3765,17.387,17.466,,,,,,,,,,,,,,,,,,,,,,,,,,,,,,,,,,,,,,,,,,,,,,,,,,,,,,,,,,,,,,,,,,,,,,,,,,,,,,,,,,,,,,,,,,,,,,,,,,,,,,,,,,,,,,,,,,,,,,,,,,,,,,,,,,,,,,,,,,,,,,,,,,,,,,,,,,,,,,,,,,,,,,,,,,,,,,,,,,,,,
OGLE-2018-BLG-0932,2018,2458300.189,31.429,0.833,1.0,192,0.48,16.742,,16.758,,16.72675,,16.7515,,16.74125,,16.74266666666667,16.7245,16.7175,16.7345,,16.74875,,,,,,,,,,16.733999999999998,,,,,,16.73,16.740000000000002,16.735500000000002,16.735,,16.744750000000003,,16.758333333333333,,16.738500000000002,,16.725,,16.720666666666663,,16.721666666666668,16.729,16.750999999999998,16.7215,16.724,16.73166666666667,16.751,16.74025,,,,16.726,,16.738999999999997,,,,,,16.738000000000003,,,,16.732,16.735,,,,,,,,,,,,16.7152,,16.707666666666668,16.702,16.705333333333332,16.698333333333334,16.7045,16.7135,,16.697499999999998,,16.717000000000002,,16.711333333333332,,16.709166666666665,,16.704,,16.6986,,16.695,16.692,16.706666666666667,16.695,16.682,16.695249999999998,,16.688,,16.69625,,16.6824,,16.6825,,16.67475,16.676,16.6586,16.6625,16.663666666666668,16.6625,16.65,16.651249999999997,16.65,16.648249999999997,,16.657999999999998,,,,,,,,,,16.610599999999998,16.624,16.560000000000002,16.51725,16.2265,16.363999999999997,16.524,16.5276,16.554,16.53783333333333,,16.543333333333333,,16.543,,16.5235,,,,,,,,16.49675,16.489,16.479666666666667,16.470599999999997,16.468,16.46614285714286,,16.4605,,16.443,,16.434,16.42,16.4178,16.393,16.3942,16.39,16.39375,16.387333333333334,16.3955,16.38075,16.377,16.3784,16.394,16.36575,,16.3626,,,,,,,,,,16.357,,,,16.347,16.3345,,16.331000000000003,,16.346,,16.3512,,16.35357142857143,,16.353600000000004,16.361,16.3608,16.3785,16.3824,16.386,16.383333333333336,16.3878,16.399333333333335,16.387833333333333,16.389,16.409166666666668,16.41,16.415833333333335,,16.42725,,16.431142857142856,,,,16.458333333333332,,,,,,,,16.511,16.488333333333333,,16.524666666666665,,,,,,,,,,,,,,16.571,16.5872,16.619,16.589000000000002,,16.595666666666666,,16.594600000000003,,16.619,,16.60575,,16.628,,16.621499999999997,16.624,16.622999999999998,16.6465,,,,16.630200000000002,,16.652749999999997,,16.673333333333336,,16.6715,,16.677000000000003,,16.66,,16.687,16.6795,16.706,16.688,,16.682000000000002,,16.68225,,16.703666666666667,,16.683000000000003,,,,,,,,16.7,16.717,,,,16.723666666666666,,16.721249999999998,,16.7265,,16.712249999999997,,16.709500000000002,,16.72,,16.744,,,,16.763,16.718,,16.74075,,,,16.761499999999998,,16.741333333333333,,16.742666666666665,,16.738333333333333,,16.743000000000002,16.727,16.744,16.750500000000002,,16.736,,16.7435,,,,16.770333333333333,,16.734666666666666,,16.721,,,,,,,,,16.735999999999997,,16.759,,16.75,,16.756249999999998,,16.759,,16.764,,16.778,,,,,,,16.734,,,,16.7555,,16.742333333333335,,
OGLE-2019-BLG-0249,2019,2458607.607,78.768,0.03,0.745,97,0.2425,18.075,,,,18.09,18.014,,,,,18.075,18.033,,,,,,,,18.033,,,,,,,,,,,,,,,,,,,,,,,,,,,,,,,,,,,,,,,,,,,,,,,,,,,,,,,,,,,,,,,,,,,,,,,,,,,,,,,,,,,,,,,,,,,,,,,,,,,,,,,,,,,,,,,,,,,,,,,,,,17.811,17.784,,,,,,,,17.692,,17.661,,,17.612,,17.604,17.548,,17.543,,17.526,17.501,17.428,,17.374,,,,,,,17.209,17.2,17.108,17.076,17.054,,16.9645,,16.849,16.805,,16.700499999999998,16.593,,16.487,,16.337,16.232,,,15.817,,15.542,15.383,15.099,14.907,14.662,14.482,,,,15.566,15.708,15.87,16.05,16.163,16.248,16.347,16.417,,,,,16.7765,,,,,,,17.114,17.142,17.177,17.202,17.242,17.242,17.296,17.315,17.314,,17.41,17.446,,,,,,17.524,17.535,17.566,,17.593,,17.631,,17.671,17.676,17.626,17.728,17.669,17.698,17.704,,17.724,17.776,17.8,,,,17.794,17.784,17.819,17.793,,,,17.859,17.848,17.924500000000002,,17.892,17.894,,17.862,,17.898,,17.903,,,,,,,,,17.897,,,17.963,17.978,,,,17.942,,17.928,,18.002,,17.959,,,,,18.031,,,17.975,,18.004,,,,,,,18.111,,,,,,,,,,,18.049,,,,,,,,,,,,,,,,,,,,,,,,,,,,,,,,,,,,,,,,,,,,,,,,,,,,,,,,,,,,,,,,,,,,
OGLE-2019-BLG-0679,2019,2458660.699,55.531,0.383,0.256,217,0.5425,,,,,,,,,,,,,,,,,,,,,,,,,,,,,17.243,,,17.202,,,,,17.201,17.208,,17.246,,,17.2575,,,,,,,,17.206,17.2405,17.256,,,17.233,17.231,,,,,17.214,,17.221,17.216,,17.209,17.205,17.222,17.2035,17.178,17.216,17.245,17.212333333333333,17.2,17.20266666666667,17.198,17.204,17.2125,17.19666666666667,17.206666666666667,17.211,17.2235,17.204,17.211,17.21366666666667,17.237666666666666,17.208333333333336,17.2175,,,,,,,,17.183,17.2,17.207333333333334,17.209249999999997,17.217333333333332,17.200999999999997,17.224,17.2102,17.192666666666668,17.201666666666664,17.2205,17.205,17.207,17.204,17.192,17.192,17.2055,17.176499999999997,17.189,17.197,17.180000000000003,17.175,17.165,17.1535,17.188,17.178,,,,,,17.16525,17.153,17.1655,17.1605,17.169,,17.174999999999997,17.1625,17.156333333333333,17.1535,17.1565,17.142,,,,17.1465,17.1145,17.1235,17.145,17.1145,17.138333333333332,17.119,17.096666666666668,17.113,,17.128333333333334,17.1045,,,,,,17.057666666666666,17.066333333333333,,,,,,,,,,16.99,16.99966666666667,16.989333333333335,16.967,16.9725,16.96,16.953000000000003,16.950499999999998,16.942999999999998,16.93133333333333,16.931666666666665,16.893,,16.8985,16.88033333333333,16.895666666666667,16.887999999999998,,,,,,,16.8,16.865,16.831666666666667,16.8335,16.820500000000003,,16.82875,16.829250000000002,16.823,16.83575,,16.840166666666665,16.867,16.847,16.856,16.853571428571428,16.859,16.857285714285716,16.869600000000002,16.875999999999998,,16.889,16.885,16.9175,16.919,16.918833333333335,16.9225,,,,,16.975,16.980600000000003,16.974125,16.990125,17.00425,17.0095,,,,17.030399999999997,17.054000000000002,17.035285714285717,17.044400000000003,17.055,17.047,17.081166666666665,17.072857142857142,17.16742857142857,,,17.105500000000003,17.094714285714286,17.09457142857143,17.08657142857143,17.084999999999997,17.0865,17.067,17.063999999999997,17.032666666666668,,,,,16.94966666666667,17.054,17.014499999999998,17.0382,17.049,17.119400000000002,17.136,17.13125,17.14333333333333,17.163,17.166666666666668,17.1746,17.1598,17.168499999999998,,17.15475,17.179,17.1705,17.173333333333332,17.1728,17.186799999999998,17.179399999999998,17.161,17.1725,17.175,17.1784,17.1846,17.168333333333333,,,,,,17.179000000000002,,17.238,17.188799999999997,17.208,17.208333333333332,17.207,17.211,17.2175,,,17.179,17.224600000000002,17.226999999999997,17.206,17.195199999999996,,17.189799999999998,,17.2305,17.2035,17.19366666666667,17.204250000000002,17.20925,,17.217333333333332,17.18,,17.186,,,17.252,,17.2435,17.2155,,17.18766666666667,,,17.230999999999998,17.211,,,17.234,,17.2235,17.182,17.243,17.301,,,,,,17.197,17.264,,17.2115,17.186,,17.127,17.232,,,,,,,,,,,,,,,,,,,,,,,,,,,,,,,,,,,,,,,,,,,,,,,,
OGLE-2019-BLG-1180,2019,2458718.876,49.197,0.685,1.0,195,0.4875,,,,19.214,18.965,19.233666666666668,19.044999999999998,19.070999999999998,19.2715,19.166,19.0744,19.0905,19.174666666666667,19.130000000000003,19.0165,19.051,19.227,19.087,19.07375,,19.101750000000003,19.0546,19.14525,,19.1314,19.0455,19.052,18.949,19.04925,19.1585,19.137666666666664,19.039,19.115199999999998,19.13333333333333,,,,,19.091333333333335,19.181,19.144499999999997,19.0515,19.0885,19.020000000000003,19.1094,19.0416,19.184,19.13175,19.068599999999996,19.05933333333333,,19.0568,,,,,19.0402,19.1325,19.1565,19.037200000000002,19.0852,19.169,19.033666666666665,19.071166666666667,19.09483333333333,19.133333333333336,19.037000000000003,19.063166666666664,18.97825,,,,,,,19.117375,19.11575,,,,,,,,,,,19.06266666666667,19.10875,19.10875,19.0455,19.057,19.022,19.113999999999997,19.036714285714286,19.1545,19.091,19.032333333333334,19.071749999999998,19.033714285714286,,19.034,19.083,19.005166666666668,19.209,18.991333333333333,19.114333333333335,,,,,,,18.944,19.1075,18.964,19.057,19.022285714285715,19.05,,,19.042125,19.011499999999998,19.066499999999998,19.0355,,19.047166666666666,,18.996,19.044666666666664,19.011142857142858,19.055,19.01833333333333,19.014000000000003,19.010285714285715,,18.925,,18.979499999999998,18.881500000000003,18.9078,18.905833333333334,18.9465,18.95975,18.957,,,,,18.891399999999997,18.871000000000002,18.905250000000002,18.86733333333333,18.843875,18.869500000000002,18.7845,,,18.885,18.75375,18.746874999999996,18.723999999999997,18.649,18.74257142857143,18.678666666666665,18.7554,18.725,18.669428571428572,18.581142857142854,,,18.53,18.48914285714286,18.496,18.422666666666668,18.446142857142856,18.350714285714286,18.357000000000003,18.31866666666667,18.349999999999998,18.26725,,,,,,18.400000000000002,18.304,18.378,18.37,18.396333333333335,18.5068,18.54083333333333,18.484,18.591500000000003,18.619714285714284,18.63425,18.6515,18.6865,18.6894,18.749,18.7365,,18.742,18.8355,18.789500000000004,18.77883333333333,18.8204,18.812,18.856499999999997,18.9488,18.8922,18.884,18.86875,18.8762,18.894499999999997,,19.003666666666664,,,,,,18.952,19.059,18.787,18.845,18.823,18.78,18.647,18.007,17.69,17.6405,,,,18.955,18.9656,18.9956,,18.9908,,19.088,,,19.015249999999998,19.02425,,18.890500000000003,18.977249999999998,,,19.109,,19.322,18.933,,,,,19.078,19.093999999999998,,,18.990333333333336,,,19.05666666666667,,,,,,19.045,,18.987000000000002,,,,,,,,,18.892333333333333,,18.987,19.046,18.936,,18.919,18.972,18.939,,,,,,,,,,,,,,,,,,,,,,,,,,,,,,,,,,,,,,,,,,,,,,,,,,,,,,,,,,,,,,,,,,,,,,,,,,,,,,,,,,,,,,,,,,,,,,,,,,,,,,,,,,,
OGLE-2017-BLG-0640,2017,2457887.714,11.55,0.681,1.0,101,0.2525,,,,,,19.440666666666665,,,,,19.528,,,,,19.561,19.57166666666667,,,,,19.3735,19.394333333333332,,,,,,19.393,,,,,19.506444444444444,19.466333333333335,,,,,,,,,,,,,,,,,,,,,19.466,19.483666666666664,19.483,,,,,19.439,,,,,19.489,19.502333333333336,,,,,19.424333333333333,19.528,,,,,19.421666666666667,19.454,,,,19.538,19.47,,,,,19.283,19.362000000000002,,,,,19.281666666666666,19.415,,,,,19.362,19.374499999999998,,,,19.345,19.411,,,,,19.397,19.392,,,,,19.33366666666667,19.3425,,,,19.123,19.17866666666667,19.212,,,,,19.265,19.432,,,,19.156666666666666,19.25433333333333,,,,,19.225666666666665,19.339,,,,,19.220000000000002,19.2,,,,19.1625,19.059,,,,,19.032,18.9965,,,,,18.993000000000002,19.026,,,,,19.058000000000003,19.046999999999997,,,,,18.842,,,,,,,,,,,,,,,,,,,,,,,,,,,,,,,,,,,18.775,,,,,18.9285,18.8825,,,,,,,,,,,,,,,,19.060666666666666,19.106666666666666,,,,19.183500000000002,19.243666666666666,19.151333333333334,,,,19.274,19.163,,,,,,,,,,,19.084999999999997,,,,,,,,,,,,,,,,,,19.182,19.072,,,,19.248,19.198,,,,19.2485,19.301333333333336,19.208,,,,,19.295333333333332,19.319,,,,19.256999999999998,19.323249999999998,19.295,,,,19.38225,19.392333333333333,,,,19.4135,19.408666666666665,19.421666666666667,,,,19.403,19.548666666666666,,,,,19.324,19.382749999999998,19.281,,,19.253,19.380499999999998,19.42,,,,19.288,19.403333333333332,19.464000000000002,,,,19.316666666666666,19.307499999999997,,,,,,,,,,,,,,,,,,,,,,,,,,,,19.52,19.5115,,,,19.4565,19.485666666666663,19.44,,,,19.45,19.588,,,,,,,,,,,,,,,,,,,,,
OGLE-2023-BLG-0836,2023,2460119.558,34.158,0.292,1.0,50,0.125,,,,,,,,,,,,,,,,,,,,,,,,,,20.652,,,,,,,,,,,,,,20.734,,,,,20.205,,,,20.588,,,,21.019,,,,,,,,,,,,20.374,,,,,,20.556,,,,,,,,,,,20.404,,,,20.547,,,,20.533,,,,,,,,,,,,,,20.817,,,,,,,,,,,20.622,,,,,,,,,,,,,,,,20.182,,,,,,20.016,,,,20.072,,,20.111,,,,19.848,,,,20.203,,,,19.864,,,,,,,,,,,,,,,19.782,,,19.631,,,19.662,,,,19.981,,,,19.746,,19.75,,19.72,,,,,,,,,,19.262,,,,19.079,,,19.237,,,19.499,,,19.573,,,,,,,,,,19.813,,,,20.315,,,,19.995,,,,,,,,,,20.213,,,,20.211,,,,20.257,,,,,,,,,,,20.402,,,,,,,,,,,,,,,,20.507,,,,20.39,,,20.58,,,,,,,,,,,,,,20.725,,,,20.547,,,,20.687,,,,,,,,,,20.334,,,,,20.678,,,,,,,,,,,,20.625,,,,,,,,,,,,,,,,,,,,,,,,,,,,,,,20.871,,,,20.475,,,,,,,,,,,,,,,,20.16,,,,,,,,,,,,,,,,,,
OGLE-2017-BLG-1275,2017,2457949.769,12.404,0.459,1.0,98,0.245,,,,,,,,,,,,,,,,,,,,,,19.162,19.095,19.064333333333334,,,,19.064999999999998,19.18275,19.167,,,19.18,19.09,,,,,,,,,,,,,,,,,,,,,19.218666666666667,19.282,,,,19.125666666666664,19.215,19.168,,,19.01,19.07,19.1115,,,,19.02633333333333,19.160333333333337,,,,19.192,19.104,19.163,,,,,,,,,19.133,,,,,,,19.307,,,,,,,,,,,,,,,18.97175,19.034,,,,18.942999999999998,19.09075,,,,18.986,18.965999999999998,18.988,,,18.957,18.918,18.899333333333335,,,18.882,18.9275,18.907,,,,18.913249999999998,18.872333333333334,18.936,,,18.966,18.8915,,,,,,,,,,,,,,,,,,,,,,,,,,,,,,,18.491999999999997,18.44725,18.497333333333334,,,,18.388399999999997,18.409000000000002,,,,18.334,18.2995,18.38,,,18.269,18.2685,18.334,,,,18.275,18.2765,,,,,18.304499999999997,,,,,,,,,,,,,,,,18.2955,18.299,,,18.409,18.367,18.366333333333333,,,,18.41,18.444666666666667,,,,,,18.59,,,,18.6565,18.666,,,,,18.676000000000002,,,,,18.78475,18.7195,,,,18.749666666666666,18.768666666666665,,,,18.839,18.8485,18.872,,,,18.864,19.233,,,,18.841,19.016,,,,,,,,,,18.9565,18.828,,,,,18.993333333333336,,,,18.923,19.054000000000002,,,,,19.0835,18.959,,,,,,,,,,,,,,,,,,,,,18.951,,,,,19.2125,,,,,19.085,19.21,,,,,19.077666666666666,,,,,19.2,,,,,,,,,,,,,,,,,,,,,19.029,19.029,,,,,,,,,,19.146,,,,,,,,,,,19.090000000000003,,,,,19.268,,,,,,19.169,,,,19.113,19.113125000000004,,
OGLE-2017-BLG-0448,2017,2457879.91,29.2,1.427,1.0,188,0.47,,16.864,,,16.869,,16.833,,16.859,,16.88,,,16.885,,16.88,,16.856,,16.878,,,16.864,,16.879,,16.874,,,,,,,,,16.86,,,16.86,,16.8215,,16.762999999999998,,,16.860500000000002,,16.867,,16.853,,16.8285,,,16.839,,16.866500000000002,,16.8495,,16.868000000000002,16.854,,16.83,,16.853,,16.861,,16.837,16.858,,16.831,,16.86,,16.836,,,16.836333333333332,,16.823333333333334,,16.8505,,16.831,16.845,,16.8315,,,,,,,,,16.828,,16.816,,16.804000000000002,16.822,16.784,16.802000000000003,,16.81775,,16.811333333333334,,16.817999999999998,16.815,,16.795666666666666,,16.804499999999997,,16.7925,,16.7895,16.794,,16.792,,16.787,,16.799,16.7935,,16.781,,16.7806,,16.778750000000002,,16.7725,16.767000000000003,,16.785666666666668,,16.767,,16.772666666666666,16.753,16.758,16.779,,16.7568,,16.763333333333332,,16.7575,16.747500000000002,,,,,,,,16.7475,16.743333333333336,,16.733999999999998,,16.7385,,16.736,16.744999999999997,16.752,16.737000000000002,,16.730249999999998,,16.729,,16.726,16.734,,16.731,,16.728250000000003,,16.72475,16.733,16.7295,16.72566666666667,,16.71766666666667,,16.723666666666666,,16.721,16.729,16.697,16.7345,,16.72275,,16.719,,16.731333333333335,16.7135,,16.723,,16.7086,,,16.719,,,,,,,,,,,,,16.732,,16.721,16.75,,,,,,16.738666666666667,,16.742800000000003,16.752333333333336,16.757,16.758,,,,16.74366666666667,,,,,,,16.77,,16.7585,,16.753750000000004,16.75233333333333,,16.775750000000002,,16.774857142857144,,16.7654,16.777333333333335,16.769333333333332,16.7756,,16.779999999999998,,16.776714285714284,16.779,16.77025,16.7744,16.7825,16.7904,,16.782,,,,,,,,,,,16.807499999999997,16.796,16.804999999999996,16.8084,,16.793,,,,,,,,,16.808,,16.820333333333334,16.821,16.821250000000003,16.8315,,16.816333333333333,,16.8096,,,,16.8315,16.842,,16.803,,,,,,,16.8254,,16.835375,,16.83566666666667,16.8345,16.83775,16.852249999999998,16.798,16.82757142857143,,16.827428571428573,,16.82766666666667,,,,,,,,,,,,,,16.837600000000002,,16.846285714285717,16.84,16.84325,16.852249999999998,16.836,16.838,,16.845142857142857,,16.862,16.882,,,,,,16.848,16.865,16.8545,16.849999999999998,16.852,16.865000000000002,,16.843,,16.8448,16.869,,16.84866666666667,,16.85633333333333,,16.849999999999998,,16.860750000000003,16.871,16.864,16.86125,,16.85,,16.864,,16.858999999999998,16.880000000000003,,16.855,,16.8524,,
OGLE-2014-BLG-0221,2014,2456730.144,42.106,0.4,1.0,176,0.44,,,,,,,,,,,,,,,,,,,,,,,,,,,,,,,,,,,,,,,,,,,,,,,,,,,,,,,,,,,,,,,,,,,,,,,,,,,,,,,,,,,,,,,,,,,,,,,,,,,,,,,,,,,,,,,,,,,,,,,,,,,,,,,,,,,,,,,,,,19.238,,19.14,,18.944,19.131,,19.1095,19.033,,18.87,,18.923,19.027,,19.03,19.077,,19.127,18.877,,18.822,,18.901,19.123,,18.853,18.647,,18.8855,18.818,,18.8155,,18.7,,,,18.674,,18.6375,18.426,18.61,18.543999999999997,,18.651,18.521,,18.508000000000003,18.369333333333334,,18.441,18.386,18.457,18.27266666666667,,18.296,18.383,,18.447,18.448,18.368,18.407333333333334,,18.282,18.37,,18.391666666666666,18.59,,18.519000000000002,18.575000000000003,18.5285,18.525666666666666,,18.682666666666666,18.174,,,,,,18.573,18.582,,,18.5836,18.502333333333336,,18.33375,18.786,19.001,18.840999999999998,18.989,18.990666666666666,18.926,,18.939666666666668,18.99125,,19.062,19.043,18.8555,19.012333333333334,,18.983,19.017,,19.030666666666665,19.0736,,19.029500000000002,19.03333333333333,19.07,19.14125,,19.1272,19.145400000000002,,19.1604,,,,19.24,19.154999999999998,19.203999999999997,,19.185999999999996,19.217,,19.2322,19.318,19.378999999999998,19.32575,19.369,19.332749999999997,19.1506,,19.1695,,,,,,,,,,,19.345166666666668,19.2765,19.2085,19.341599999999996,19.394,19.293,19.275,19.325,19.331166666666668,19.27342857142857,,19.315571428571424,19.281333333333333,19.189750000000004,,,,,,19.361428571428572,19.328285714285716,19.238,19.42675,,19.188,,,,,,19.411875000000002,19.309,19.2495,19.347875000000002,,19.287,19.34642857142857,19.182499999999997,19.311833333333336,19.336714285714287,,19.434124999999998,19.3162,19.357666666666667,,19.343,19.39225,19.358,19.477,19.370857142857144,19.3856,,19.38475,19.6015,,19.412749999999996,,,,,,19.236,19.381500000000003,19.421142857142858,19.360799999999998,19.269666666666666,19.389625000000002,19.340999999999998,19.3836,19.307,19.067,19.406000000000002,19.417,19.426000000000002,19.449,19.3816,19.5025,19.459125,19.544,19.410999999999998,19.375500000000002,,19.352875,19.38066666666667,19.349,19.399625000000004,19.419500000000003,19.43325,19.39816666666667,19.112499999999997,19.4742,19.465625,,,19.474,19.470666666666666,19.415,,19.432,19.4275,,19.312599999999996,19.196,,19.493900000000004,19.5084,19.400000000000002,19.319666666666667,19.339,,19.366,19.275,19.35585714285714,
OGLE-2017-BLG-0364,2017,2457831.218,45.804,0.02,0.201,74,0.185,,,,,,,,,,,,,,,,,,,,,,,,,,,,,,,,,,,,,,,,,,,,,,,,,,,,,,,,,,,,,,,,,,,,,,,,,,,,,,,,,,,,,,,,,,,,,,,,,,,,,,,,,,,,,,,,,,,,,,,,,,,,,,,,,,,,,,,,,,,,,,,,,,,,,,,,20.27,,,,,,,20.038,,,,,,,,,,,20.209,,,,19.97,,,,,,19.762,,,20.001,,,,19.84,,,19.607,,,,19.179,,,18.659,,,17.772,,,,,,,19.214,,,19.597,,,19.608,,,19.725,,,19.957,,,19.645,19.331,,,20.254,,,20.422,,20.092,,,,20.345,,,20.308,,,20.197,,,,,20.253,,,,,20.485,20.452,,,,,,20.239,,20.186,,20.199,,20.121,,,20.249,20.285,,,20.579,,20.381,,20.483,,,,,,,,,,,,20.509,,,,,20.498,20.36,,,,,,,,,,20.514,20.394,,20.332,,20.521,20.348,20.481,,,20.173499999999997,,20.493,20.307,20.743,,,,,,,,20.11,20.315,,,,,,,,,20.192,20.266,,,20.418,,,,,,,,,20.519,20.469,,20.168,20.265,,20.248,20.469,20.617,,,,,,,,,20.218,,20.381,20.338,20.285,,20.606,,,,,,,20.398,,20.252,,,20.692,,20.099,,20.273,20.261,,20.442,,,,20.188,,,,,,
OGLE-2016-BLG-1800,2016,2457656.993,18.059,0.149,0.726,80,0.2,,,,19.613142857142858,19.628,,19.679000000000002,19.731199999999998,,,19.6632,19.512,,,19.7665,,,19.753500000000003,19.603,,,19.56275,19.5765,,,19.671333333333333,19.625,,19.662,19.53633333333333,,,19.47,19.427,,,19.627,19.729,,,,,,,,,,,,,,19.653000000000002,,,19.66633333333333,19.563,,,19.479333333333333,19.576,,,19.538,,,,,,,19.52375,,,19.522,19.44025,,,19.567666666666668,19.572333333333333,,,19.57525,,,,19.53775,,,19.573,19.4825,,,,,,,,,,,,,,19.531,,,,19.469,,,19.564,19.572333333333333,,,19.512999999999998,19.317,,,19.503999999999998,,,19.395,19.468,,,19.40425,,,,19.366,,,,19.444,,,19.273,19.242,,,,,,,,,,,,,,19.121000000000002,,,,19.103,,,19.046,,,,,,,,19.104,,,18.843,19.012,,,18.8,,,,18.6905,,,18.492,18.536,,,18.3945,,,,18.317,,,18.125,,,,17.989,,,,17.7705,,,17.783,,,,18.03,,,,18.14,,,,18.268,,,18.444,,,,18.5465,,,,,,,19.001,,,,,,,,19.033,,,18.972,,,,,,,,,,,,,,,19.465,,,,19.469,,,,,,,,,,,19.242,,,,,,,,,,,,,,19.804,,,,,,,,19.508,,,,,,,,,,,19.622,,,,,,,,,,,,,,,,,,19.652,,,,,,,,19.731,,,,,,,,,,,,,,,,,,,,,,,,,,,,,,,,,,,,,,,,,,,,,,,,,,,,,,,,,,,,,,,,,,,,,,,,
OGLE-2016-BLG-0007,2016,2457500.196,59.313,1.279,1.0,190,0.475,15.486,,,15.49,15.488,,,,15.473,,15.481,,,15.505,,,,,,,,,,,,,,,,,,,,,,,,,,,,,,,,,,,,,,,,,,,,,,,,,,,,,,,,,,,,,,,,,,,,,,,,,,,,,,,,,,,,,,,,,,,,,15.41,,,,,,,,,15.39,15.397,15.404,15.396,,15.392,15.371,,15.392,15.382,15.387,15.396,15.3805,15.377,15.376,15.370999999999999,15.3795,15.3825,15.376000000000001,15.366,15.370999999999999,15.369,15.369,,15.361666666666666,15.368500000000001,15.359666666666667,15.3565,15.357,,15.354,15.349333333333334,15.354,15.356,15.349499999999999,15.340499999999999,15.352000000000002,15.346,15.347333333333333,,15.336333333333334,15.342,15.339,15.344000000000001,15.341999999999999,15.332,15.330333333333334,15.3285,15.332,,,15.34,15.33,15.327,15.322333333333333,15.3195,15.31575,15.32675,15.317499999999999,,,,15.329,15.316,,,,15.3185,15.312999999999999,15.32,15.316,15.314,15.306000000000001,15.309,,15.307,15.308333333333332,15.309999999999999,15.319,15.311,15.313500000000001,,15.311,15.309000000000001,15.302,15.311,,,,,,,,15.308,15.305499999999999,15.315000000000001,,15.312,15.312999999999999,15.309,,,,15.311,,,,,,,15.326,15.318,,,15.329,,,15.333,15.345,15.3355,,,,15.339500000000001,,15.356,15.338000000000001,,,,,,,,,,15.355,15.363666666666667,15.367333333333333,15.3675,15.364,15.366999999999999,,15.37,,,15.374,15.372,,15.3695,,,,15.386,15.379000000000001,,,,,15.397499999999999,15.393249999999998,15.3935,15.4065,15.406,15.400199999999998,,,15.40625,,15.401142857142856,15.408400000000004,15.4155,,,15.415333333333335,,15.414666666666667,15.416,15.4065,15.416875000000001,,,,,,15.424299999999997,15.425875,15.4275,,15.433875,,15.43,15.4365,15.424,,,15.4355,15.440800000000001,15.4285,15.4405,15.442199999999996,15.4436,15.445333333333332,15.445285714285713,15.449,15.440714285714288,15.442166666666665,15.443666666666667,15.444666666666665,15.444500000000001,15.453499999999998,15.452,,,,15.4465,15.4566,15.452666666666667,15.456,,,15.46275,15.455333333333334,15.4582,15.46125,15.45775,15.45475,,,,,15.456999999999999,15.466,15.4665,15.479999999999999,15.464,15.478,15.469750000000001,15.473,15.462,15.469,15.468333333333334,,,,15.495,15.475999999999999,15.477,,,15.456333333333333,15.478666666666667,15.474666666666666,15.476999999999999,15.479,15.489,15.48,,,15.466999999999999,15.428,15.467,,15.482,15.4875,15.479,15.486,15.491,,15.48,15.488,15.482,15.497,,,,,15.485,15.484,,,15.491,,,
OGLE-2023-BLG-0766,2023,2460115.388,6.43,1.274,1.0,46,0.115,,,,,,17.711,17.71966666666667,,,,,,,,,,17.7225,17.683999999999997,,,,,,,,,,17.7055,17.691,,,,,,,,,,,,,,,,,,,,,,,,,,,,,,,,,,,,,,,,,,,,,,,,,,,,,,,,,,,,17.663,,,,,,,,,,17.638,17.636499999999998,17.66,,,,,,,,,,17.680666666666667,17.6575,17.658,,,,,,,,,,,,,,,,,17.704,17.65,17.633333333333336,17.615,,,,,,,,17.609,17.623,17.624333333333336,17.633,,,,,,17.638,,17.635,,,,,,,,,,17.5625,,,,,,,,,,17.552,17.557499999999997,,,,,,,,,17.5465,17.522,,,,,,,,,,,,,,,,,,,,,,,,,,,,,,,17.536,,,,,,,,,,,,,,,,,,,,,17.581,,,,,,,,,,17.623,17.617,,,,,,,,17.625,,,,,,,,,,,,,,,,,,,,,17.615,,,,,,,,,,17.646,,,,,,,,,,,17.6525,,,,,,,,,,,17.6965,17.671,,,,,,,,,,,,,,,,,,,,,,,,,,,,,,,,,,,,,,,,,,,,,,,,,17.721,17.711,17.653,,,,,,,,,,,,,,,,,,,17.774,,,,,,,,,,17.691,17.718,,,,,,,,,,17.724,17.706
OGLE-2015-BLG-1609,2015,2457262.095,25.516,0.387,0.741,122,0.305,16.41075,16.42,,16.40125,16.385,16.404,16.415333333333333,,16.400799999999997,16.395,16.398,16.399250000000002,,16.406000000000002,16.4145,,16.4106,,,,,16.4075,16.403,16.429,16.4082,,16.4015,,,16.403,16.392,16.402,16.391,,16.398500000000002,16.4055,16.395,16.396375,,16.389,16.4035,,,,16.396,16.397199999999998,,,,,,,,,,16.38785714285714,,16.391666666666666,16.3894,,16.384,,,16.391799999999996,,,16.378,,16.365,16.378,16.376,,,,,16.341,16.3608,,,,,,,16.371,16.356,,,,,16.3415,,16.342333333333332,16.3375,,16.334857142857143,16.336,16.3275,16.320833333333336,,16.3235,16.3255,,16.318166666666666,,16.325,,,16.307571428571432,,16.296999999999997,16.293200000000002,,16.2864,16.2875,,16.285625,,,,,,,,,,16.236,16.2425,,,,16.2,16.2135,,16.203999999999997,,,,,,,,,,,,,,,,,,,,,,,,,,,,,,,,,,15.902666666666667,,,15.872,,,,,15.788,,15.7625,,,,,15.682500000000001,15.6775,,15.6385,,,15.600666666666667,,15.572999999999999,15.5625,,,,,,,15.52225,,,,,15.536249999999999,15.523,,15.564599999999999,,15.597,15.603250000000001,,15.617,,,15.65175,,15.6485,15.6415,,15.66975,,15.741,15.747,,15.812333333333335,,,15.849499999999999,,15.884,15.883,,15.935,,,15.950333333333333,,,,,16.0094,,16.031,16.0405,,,,,,,16.117,,,,,,16.148,,16.1635,,,,,,,,,,,,,,,,,,16.28,,,16.272,,16.264,16.275,,16.300333333333334,,,16.291,,16.324,,,,,,,,16.317,,,16.329,,16.327,,,,,,,,,,,,,,,,16.359,,,,,,,,,,16.371,,,16.344,,,16.365,,,,,,,,,,16.367,,,16.368,,,,,,,,,,16.381,,,,,16.378,,,16.407,,,,,,,,16.387,,,,,,,16.423,,,16.384,,,,,,,,,,,,,,,,
OGLE-2016-BLG-1266,2016,2457585.065,3.519,0.258,1.0,54,0.135,,,,,,,,,,,,,,,,,,,,,16.823,16.814,16.819,16.813499999999998,16.823,16.807,,,,,,,,,,,,16.79,16.817,16.8,16.801,16.797,16.802,16.814,16.795,,,,,,,,,,,,,,16.785,16.774,,,,,,,,,,,,,,,,,,,,,,,,,,,,,,,,,,,,,,16.734,16.748,16.735,,,,,,,,,,,,,,,,,,,,,,,,,,,,,,,,,,,,,16.655,16.673,16.676,,,,,,,,,,,,,,,,16.63,,,,,,,,,,,,,,,,,,,,16.507,16.486,,,,,,,,,,,,,,15.504,15.465,15.4665,15.506,15.549,15.685500000000001,,,,,,,,,,,,,,,,,,,,,,,,,,,,,,,,,,,,,,,,,,,,,,,,,,,,,,,,,,,,,,,,,,,,,,,,,,,,,,,,,,,,,,,,,16.7625,16.768,16.788,16.773,16.781,16.791,16.769,,,,,,,,,,,,,16.788,16.812,16.795,16.795,16.793,,16.792,,,,,,,,,,,,,,16.835,16.835,,,,,,,,,,,,,,,,,,,,,,,,,,,,,,,,,,,,16.857,16.84,16.862,16.855,16.858,16.856,,,,,,,,,,,,,,,,,,,,,,,,,,,,,,,,,16.905,,16.897
OGLE-2016-BLG-1598,2016,2457641.521,39.442,0.219,1.0,136,0.34,,19.054624999999998,,,,,18.94405,,18.818,18.75,19.049714285714284,18.8415,,18.923529411764704,,,,,,18.871125000000003,19.00475,,,18.92804347826087,,,,,,,,,,,,,,,18.95972727272727,18.976,18.918434782608692,18.874000000000002,18.9804,18.926875,18.75,18.99741666666667,18.91006666666667,19.028100000000002,19.065,,18.8325,,,18.857545454545455,,18.935,,,18.927789473684214,18.836,,,,,,18.903200000000002,18.839625,19.234,,,,,,18.839235294117643,18.9695,18.954307692307694,18.89,18.922823529411765,18.86807692307692,19.010166666666667,18.90308333333333,,,,,18.9044,,,18.7669,18.973,18.85772,,18.75,,,18.90490909090909,,,,18.933,18.879833333333334,,18.883285714285712,18.70471428571429,18.910999999999994,,,,,,,,18.770400000000002,18.78875,18.854947368421055,18.718833333333333,,,18.676,18.764679999999995,,,18.708166666666667,,18.669777777777774,18.641,,,,18.680611111111112,18.642833333333332,18.69575,18.6168,,18.62113043478261,18.60928571428571,18.675823529411762,18.615857142857145,18.78,18.59021739130435,,18.599166666666665,18.554399999999998,18.688499999999998,18.575611111111108,18.4845,18.517444444444443,18.497615384615383,18.58566666666667,18.497500000000002,,18.548136363636363,,,,,,18.346999999999998,18.406833333333335,18.325647058823527,,18.28226315789474,18.146333333333335,18.26,,,18.159714285714283,18.110599999999998,18.15545454545455,18.1205625,,18.070307692307694,18.006999999999998,17.9916,17.964416666666665,,,,,,,17.772083333333335,,17.696,17.615888888888886,17.646,17.642625000000002,,17.52933333333333,17.471166666666665,17.5165,17.450666666666667,,17.416,17.386,17.331666666666667,17.2731,,,,,,,17.319857142857142,,17.33833333333333,17.339750000000002,,,,17.482555555555557,17.555666666666664,,17.596777777777774,,17.60366666666667,17.795499999999997,,17.799,,17.8405,,,18.006500000000003,,17.984,,18.1,,,18.16,18.324,18.318,18.377499999999998,,18.0705,,,18.344,,18.508,,18.327,18.471,,,,,,,18.455,,18.861,,,,,18.495,,,,,,,18.542,,,18.819,,,,,18.683,,,,,18.997,,,18.66,,18.962,,18.737,,,,,,,,,,,,,,,,,,,,,,,,,,,,,,,,,,,,,,,,,,,,,,,,,,,,,,,,,,,,,,,,,,,,,,,,,,,,,,,,,,,,,,,,,,,,,,,,,,,,,,,,,,,,,,,,,,,
OGLE-2016-BLG-0261,2016,2457449.387,5.222,0.0,0.468,51,0.1275,,,20.196,,,,,,,,,,,,20.242,,,,,,,,,,,,,20.151,,,,,,,,,,,,,19.669,,,,,,,,,,,,19.881,19.781,,,,,,,,,,,,19.941,19.876,,,,,,,,,,,,19.7025,,,,,,,,,,,,,19.697000000000003,,,,,,,,,,,,19.871,20.0,,,,,,,,,,,,19.947,19.487,,,,,,,,,,,,19.535,,,,,,,,,,,,19.728,19.62,,,,,,,,,,,,19.453,19.613500000000002,,,,,,,,,,,,19.418,19.363,,,,,,,,,,,19.003,19.0135,,,,,,,,,,,,18.014,18.018,,,,,,,,,,,,17.8635,17.954,,,,,,,,,,,,,,,,,,,,,,,,19.286,19.16,,,,,,,,,,,,19.354,19.5265,,,,,,,,,,,,19.46,19.467,,,,,,,,,,,,19.91,19.657,,,,,,,,,,,,19.6635,,,,,,,,,,,,19.737,19.8415,,,,,,,,,,,,19.924,19.945,,,,,,,,,,,20.001,19.755,,,,,,,,,,,,,,,,,,,,,,,,,19.729,19.676,,,,,,,,,,,,19.6865,19.854,,,,,,,,,,,19.829,19.652,19.735,,,,,,,,,,,,19.9865,,,,,,,,,,,,,19.825,,
